design__lint_error__count,design__lint_timing_construct__count,design__lint_warning__count,design__inferred_latch__count,design__instance__count,design__instance__area,design__instance_unmapped__count,synthesis__check_error__count,design__max_slew_violation__count__corner:nom_tt_025C_1v80,design__max_fanout_violation__count__corner:nom_tt_025C_1v80,design__max_cap_violation__count__corner:nom_tt_025C_1v80,power__internal__total,power__switching__total,power__leakage__total,power__total,clock__skew__worst_hold__corner:nom_tt_025C_1v80,clock__skew__worst_setup__corner:nom_tt_025C_1v80,timing__hold__ws__corner:nom_tt_025C_1v80,timing__setup__ws__corner:nom_tt_025C_1v80,timing__hold__tns__corner:nom_tt_025C_1v80,timing__setup__tns__corner:nom_tt_025C_1v80,timing__hold__wns__corner:nom_tt_025C_1v80,timing__setup__wns__corner:nom_tt_025C_1v80,timing__hold_vio__count__corner:nom_tt_025C_1v80,timing__hold_r2r__ws__corner:nom_tt_025C_1v80,timing__hold_r2r_vio__count__corner:nom_tt_025C_1v80,timing__setup_vio__count__corner:nom_tt_025C_1v80,timing__setup_r2r__ws__corner:nom_tt_025C_1v80,timing__setup_r2r_vio__count__corner:nom_tt_025C_1v80,design__max_slew_violation__count__corner:nom_ss_100C_1v60,design__max_fanout_violation__count__corner:nom_ss_100C_1v60,design__max_cap_violation__count__corner:nom_ss_100C_1v60,clock__skew__worst_hold__corner:nom_ss_100C_1v60,clock__skew__worst_setup__corner:nom_ss_100C_1v60,timing__hold__ws__corner:nom_ss_100C_1v60,timing__setup__ws__corner:nom_ss_100C_1v60,timing__hold__tns__corner:nom_ss_100C_1v60,timing__setup__tns__corner:nom_ss_100C_1v60,timing__hold__wns__corner:nom_ss_100C_1v60,timing__setup__wns__corner:nom_ss_100C_1v60,timing__hold_vio__count__corner:nom_ss_100C_1v60,timing__hold_r2r__ws__corner:nom_ss_100C_1v60,timing__hold_r2r_vio__count__corner:nom_ss_100C_1v60,timing__setup_vio__count__corner:nom_ss_100C_1v60,timing__setup_r2r__ws__corner:nom_ss_100C_1v60,timing__setup_r2r_vio__count__corner:nom_ss_100C_1v60,design__max_slew_violation__count__corner:nom_ff_n40C_1v95,design__max_fanout_violation__count__corner:nom_ff_n40C_1v95,design__max_cap_violation__count__corner:nom_ff_n40C_1v95,clock__skew__worst_hold__corner:nom_ff_n40C_1v95,clock__skew__worst_setup__corner:nom_ff_n40C_1v95,timing__hold__ws__corner:nom_ff_n40C_1v95,timing__setup__ws__corner:nom_ff_n40C_1v95,timing__hold__tns__corner:nom_ff_n40C_1v95,timing__setup__tns__corner:nom_ff_n40C_1v95,timing__hold__wns__corner:nom_ff_n40C_1v95,timing__setup__wns__corner:nom_ff_n40C_1v95,timing__hold_vio__count__corner:nom_ff_n40C_1v95,timing__hold_r2r__ws__corner:nom_ff_n40C_1v95,timing__hold_r2r_vio__count__corner:nom_ff_n40C_1v95,timing__setup_vio__count__corner:nom_ff_n40C_1v95,timing__setup_r2r__ws__corner:nom_ff_n40C_1v95,timing__setup_r2r_vio__count__corner:nom_ff_n40C_1v95,design__max_slew_violation__count,design__max_fanout_violation__count,design__max_cap_violation__count,clock__skew__worst_hold,clock__skew__worst_setup,timing__hold__ws,timing__setup__ws,timing__hold__tns,timing__setup__tns,timing__hold__wns,timing__setup__wns,timing__hold_vio__count,timing__hold_r2r__ws,timing__hold_r2r_vio__count,timing__setup_vio__count,timing__setup_r2r__ws,timing__setup_r2r_vio__count,design__die__bbox,design__core__bbox,design__io,design__die__area,design__core__area,design__instance__count__stdcell,design__instance__area__stdcell,design__instance__count__macros,design__instance__area__macros,design__instance__utilization,design__instance__utilization__stdcell,design__instance__count__class:buffer,design__instance__count__class:multi_input_combinational_cell,flow__warnings__count,flow__errors__count,design__instance__count__class:fill_cell,design__instance__count__class:tap_cell,design__power_grid_violation__count__net:VGND,design__power_grid_violation__count__net:VPWR,design__power_grid_violation__count,floorplan__design__io,design__io__hpwl,timing__drv__floating__nets,timing__drv__floating__pins,design__instance__displacement__total,design__instance__displacement__mean,design__instance__displacement__max,route__wirelength__estimated,design__violations,design__instance__count__class:timing_repair_buffer,design__instance__count__setup_buffer,design__instance__count__hold_buffer,antenna__violating__nets,antenna__violating__pins,route__antenna_violation__count,antenna_diodes_count,route__net,route__net__special,route__drc_errors__iter:1,route__wirelength__iter:1,route__drc_errors__iter:2,route__wirelength__iter:2,route__drc_errors,route__wirelength,route__vias,route__vias__singlecut,route__vias__multicut,design__disconnected_pin__count,design__critical_disconnected_pin__count,route__wirelength__max,timing__unannotated_net__count__corner:nom_tt_025C_1v80,timing__unannotated_net_filtered__count__corner:nom_tt_025C_1v80,timing__unannotated_net__count__corner:nom_ss_100C_1v60,timing__unannotated_net_filtered__count__corner:nom_ss_100C_1v60,timing__unannotated_net__count__corner:nom_ff_n40C_1v95,timing__unannotated_net_filtered__count__corner:nom_ff_n40C_1v95,design__max_slew_violation__count__corner:min_tt_025C_1v80,design__max_fanout_violation__count__corner:min_tt_025C_1v80,design__max_cap_violation__count__corner:min_tt_025C_1v80,clock__skew__worst_hold__corner:min_tt_025C_1v80,clock__skew__worst_setup__corner:min_tt_025C_1v80,timing__hold__ws__corner:min_tt_025C_1v80,timing__setup__ws__corner:min_tt_025C_1v80,timing__hold__tns__corner:min_tt_025C_1v80,timing__setup__tns__corner:min_tt_025C_1v80,timing__hold__wns__corner:min_tt_025C_1v80,timing__setup__wns__corner:min_tt_025C_1v80,timing__hold_vio__count__corner:min_tt_025C_1v80,timing__hold_r2r__ws__corner:min_tt_025C_1v80,timing__hold_r2r_vio__count__corner:min_tt_025C_1v80,timing__setup_vio__count__corner:min_tt_025C_1v80,timing__setup_r2r__ws__corner:min_tt_025C_1v80,timing__setup_r2r_vio__count__corner:min_tt_025C_1v80,timing__unannotated_net__count__corner:min_tt_025C_1v80,timing__unannotated_net_filtered__count__corner:min_tt_025C_1v80,design__max_slew_violation__count__corner:min_ss_100C_1v60,design__max_fanout_violation__count__corner:min_ss_100C_1v60,design__max_cap_violation__count__corner:min_ss_100C_1v60,clock__skew__worst_hold__corner:min_ss_100C_1v60,clock__skew__worst_setup__corner:min_ss_100C_1v60,timing__hold__ws__corner:min_ss_100C_1v60,timing__setup__ws__corner:min_ss_100C_1v60,timing__hold__tns__corner:min_ss_100C_1v60,timing__setup__tns__corner:min_ss_100C_1v60,timing__hold__wns__corner:min_ss_100C_1v60,timing__setup__wns__corner:min_ss_100C_1v60,timing__hold_vio__count__corner:min_ss_100C_1v60,timing__hold_r2r__ws__corner:min_ss_100C_1v60,timing__hold_r2r_vio__count__corner:min_ss_100C_1v60,timing__setup_vio__count__corner:min_ss_100C_1v60,timing__setup_r2r__ws__corner:min_ss_100C_1v60,timing__setup_r2r_vio__count__corner:min_ss_100C_1v60,timing__unannotated_net__count__corner:min_ss_100C_1v60,timing__unannotated_net_filtered__count__corner:min_ss_100C_1v60,design__max_slew_violation__count__corner:min_ff_n40C_1v95,design__max_fanout_violation__count__corner:min_ff_n40C_1v95,design__max_cap_violation__count__corner:min_ff_n40C_1v95,clock__skew__worst_hold__corner:min_ff_n40C_1v95,clock__skew__worst_setup__corner:min_ff_n40C_1v95,timing__hold__ws__corner:min_ff_n40C_1v95,timing__setup__ws__corner:min_ff_n40C_1v95,timing__hold__tns__corner:min_ff_n40C_1v95,timing__setup__tns__corner:min_ff_n40C_1v95,timing__hold__wns__corner:min_ff_n40C_1v95,timing__setup__wns__corner:min_ff_n40C_1v95,timing__hold_vio__count__corner:min_ff_n40C_1v95,timing__hold_r2r__ws__corner:min_ff_n40C_1v95,timing__hold_r2r_vio__count__corner:min_ff_n40C_1v95,timing__setup_vio__count__corner:min_ff_n40C_1v95,timing__setup_r2r__ws__corner:min_ff_n40C_1v95,timing__setup_r2r_vio__count__corner:min_ff_n40C_1v95,timing__unannotated_net__count__corner:min_ff_n40C_1v95,timing__unannotated_net_filtered__count__corner:min_ff_n40C_1v95,design__max_slew_violation__count__corner:max_tt_025C_1v80,design__max_fanout_violation__count__corner:max_tt_025C_1v80,design__max_cap_violation__count__corner:max_tt_025C_1v80,clock__skew__worst_hold__corner:max_tt_025C_1v80,clock__skew__worst_setup__corner:max_tt_025C_1v80,timing__hold__ws__corner:max_tt_025C_1v80,timing__setup__ws__corner:max_tt_025C_1v80,timing__hold__tns__corner:max_tt_025C_1v80,timing__setup__tns__corner:max_tt_025C_1v80,timing__hold__wns__corner:max_tt_025C_1v80,timing__setup__wns__corner:max_tt_025C_1v80,timing__hold_vio__count__corner:max_tt_025C_1v80,timing__hold_r2r__ws__corner:max_tt_025C_1v80,timing__hold_r2r_vio__count__corner:max_tt_025C_1v80,timing__setup_vio__count__corner:max_tt_025C_1v80,timing__setup_r2r__ws__corner:max_tt_025C_1v80,timing__setup_r2r_vio__count__corner:max_tt_025C_1v80,timing__unannotated_net__count__corner:max_tt_025C_1v80,timing__unannotated_net_filtered__count__corner:max_tt_025C_1v80,design__max_slew_violation__count__corner:max_ss_100C_1v60,design__max_fanout_violation__count__corner:max_ss_100C_1v60,design__max_cap_violation__count__corner:max_ss_100C_1v60,clock__skew__worst_hold__corner:max_ss_100C_1v60,clock__skew__worst_setup__corner:max_ss_100C_1v60,timing__hold__ws__corner:max_ss_100C_1v60,timing__setup__ws__corner:max_ss_100C_1v60,timing__hold__tns__corner:max_ss_100C_1v60,timing__setup__tns__corner:max_ss_100C_1v60,timing__hold__wns__corner:max_ss_100C_1v60,timing__setup__wns__corner:max_ss_100C_1v60,timing__hold_vio__count__corner:max_ss_100C_1v60,timing__hold_r2r__ws__corner:max_ss_100C_1v60,timing__hold_r2r_vio__count__corner:max_ss_100C_1v60,timing__setup_vio__count__corner:max_ss_100C_1v60,timing__setup_r2r__ws__corner:max_ss_100C_1v60,timing__setup_r2r_vio__count__corner:max_ss_100C_1v60,timing__unannotated_net__count__corner:max_ss_100C_1v60,timing__unannotated_net_filtered__count__corner:max_ss_100C_1v60,design__max_slew_violation__count__corner:max_ff_n40C_1v95,design__max_fanout_violation__count__corner:max_ff_n40C_1v95,design__max_cap_violation__count__corner:max_ff_n40C_1v95,clock__skew__worst_hold__corner:max_ff_n40C_1v95,clock__skew__worst_setup__corner:max_ff_n40C_1v95,timing__hold__ws__corner:max_ff_n40C_1v95,timing__setup__ws__corner:max_ff_n40C_1v95,timing__hold__tns__corner:max_ff_n40C_1v95,timing__setup__tns__corner:max_ff_n40C_1v95,timing__hold__wns__corner:max_ff_n40C_1v95,timing__setup__wns__corner:max_ff_n40C_1v95,timing__hold_vio__count__corner:max_ff_n40C_1v95,timing__hold_r2r__ws__corner:max_ff_n40C_1v95,timing__hold_r2r_vio__count__corner:max_ff_n40C_1v95,timing__setup_vio__count__corner:max_ff_n40C_1v95,timing__setup_r2r__ws__corner:max_ff_n40C_1v95,timing__setup_r2r_vio__count__corner:max_ff_n40C_1v95,timing__unannotated_net__count__corner:max_ff_n40C_1v95,timing__unannotated_net_filtered__count__corner:max_ff_n40C_1v95,timing__unannotated_net__count,timing__unannotated_net_filtered__count,design_powergrid__voltage__worst__net:VPWR__corner:nom_tt_025C_1v80,design_powergrid__drop__average__net:VPWR__corner:nom_tt_025C_1v80,design_powergrid__drop__worst__net:VPWR__corner:nom_tt_025C_1v80,design_powergrid__voltage__worst__net:VGND__corner:nom_tt_025C_1v80,design_powergrid__drop__average__net:VGND__corner:nom_tt_025C_1v80,design_powergrid__drop__worst__net:VGND__corner:nom_tt_025C_1v80,design_powergrid__voltage__worst,design_powergrid__voltage__worst__net:VPWR,design_powergrid__drop__worst,design_powergrid__drop__worst__net:VPWR,design_powergrid__voltage__worst__net:VGND,design_powergrid__drop__worst__net:VGND,ir__voltage__worst,ir__drop__avg,ir__drop__worst,design__xor_difference__count,magic__drc_error__count,klayout__drc_error__count,magic__illegal_overlap__count,design__lvs_device_difference__count,design__lvs_net_difference__count,design__lvs_property_fail__count,design__lvs_error__count,design__lvs_unmatched_device__count,design__lvs_unmatched_net__count,design__lvs_unmatched_pin__count,design_name,design__instance__count__class:inverter,route__drc_errors__iter:3,route__wirelength__iter:3,route__drc_errors__iter:4,route__wirelength__iter:4,route__drc_errors__iter:5,route__wirelength__iter:5,design__instance__count__class:antenna_cell
0,0,447,0,25,81.328,0,0,0,0,0,1.3988803857e-06,3.274325536e-06,2.0957270641108747e-10,4.6734153329e-06,0.0,0.0,4.106475276054187,5.013468893048771,0.0,0.0,0,0.0,0,inf,0,0,inf,0,0,0,0,0.0,0.0,4.436327875069708,4.305445899441103,0.0,0.0,0,0.0,0,inf,0,0,inf,0,0,0,0,0.0,0.0,3.983532283454601,5.265779072939323,0.0,0.0,0,0.0,0,inf,0,0,inf,0,0,0,0,0.0,0.0,3.9821791435939184,4.296997101984757,0.0,0.0,0,0.0,0,inf,0,0,inf,0,0.0 0.0 50.0 50.0,5.52 10.88 44.16 38.08,10,2500,1051.01,25,81.328,0,0,0.077381,0.077381,1.0,4,1,0,99,12,0,0,0,8,232687,0,0,0,0,0,198.907,0,8,0,0,0,0,0,0,17,2,4,179,0.0,181.0,0,181,68,68,0,0,0,25.94,0,0,0,0,0,0,0,0,0,0.0,0.0,4.104592781840393,5.019920177182718,0.0,0.0,0,0.0,0,inf,0,0,inf,0,0,0,0,0,0,0.0,0.0,4.433432413339596,4.315930401892975,0.0,0.0,0,0.0,0,inf,0,0,inf,0,0,0,0,0,0,0.0,0.0,3.9821791435939184,5.270165786278287,0.0,0.0,0,0.0,0,inf,0,0,inf,0,0,0,0,0,0,0.0,0.0,4.108087319931535,5.008548384464471,0.0,0.0,0,0.0,0,inf,0,0,inf,0,0,0,0,0,0,0.0,0.0,4.439196691446475,4.296997101984757,0.0,0.0,0,0.0,0,inf,0,0,inf,0,0,0,0,0,0,0.0,0.0,3.984825027181036,5.262270768082286,0.0,0.0,0,0.0,0,inf,0,0,inf,0,0,0,0,0,1.8,1.8,4.81286e-06,3.73244e-06,9.11497e-07,3.73244e-06,3.73244e-06,1.8,4.81286e-06,4.81286e-06,3.73244e-06,3.73244e-06,1.8,1.4699999999e-06,4.8099999999e-06,0,0,0,0,0,0,0,0,0,0,0,SARSANPASOS_VENTAJA_RUIDO_e8,,,,,,,,
0,0,446,0,26,96.3424,0,0,0,0,0,2.1090413611e-06,4.6421405386e-06,2.1051294041285476e-10,6.7513924477e-06,0.0,0.0,4.13995338617477,4.906901690525546,0.0,0.0,0,0.0,0,inf,0,0,inf,0,0,0,0,0.0,0.0,4.531980696773769,4.008480771880359,0.0,0.0,0,0.0,0,inf,0,0,inf,0,0,0,0,0.0,0.0,4.00189626097969,5.21980606845702,0.0,0.0,0,0.0,0,inf,0,0,inf,0,0,0,0,0.0,0.0,4.000552446992677,4.001520561497531,0.0,0.0,0,0.0,0,inf,0,0,inf,0,0.0 0.0 50.0 50.0,5.52 10.88 44.16 38.08,10,2500,1051.01,26,96.3424,0,0,0.0916667,0.0916667,,6,1,0,104,12,0,0,0,8,220629,0,0,0,0,0,213.906,0,8,0,0,0,0,0,0,18,2,0,198,,,0,198,72,72,0,0,0,31.2,0,0,0,0,0,0,0,0,0,0.0,0.0,4.138006499023725,4.911258205797385,0.0,0.0,0,0.0,0,inf,0,0,inf,0,0,0,0,0,0,0.0,0.0,4.528284542175653,4.01643663029983,0.0,0.0,0,0.0,0,inf,0,0,inf,0,0,0,0,0,0,0.0,0.0,4.000552446992677,5.22271041197158,0.0,0.0,0,0.0,0,inf,0,0,inf,0,0,0,0,0,0,0.0,0.0,4.141756832506976,4.902946631910764,0.0,0.0,0,0.0,0,inf,0,0,inf,0,0,0,0,0,0,0.0,0.0,4.535122628022319,4.001520561497531,0.0,0.0,0,0.0,0,inf,0,0,inf,0,0,0,0,0,0,0.0,0.0,4.003273381658382,5.216991430965387,0.0,0.0,0,0.0,0,inf,0,0,inf,0,0,0,0,0,1.79999,1.8,9.95182e-06,6.93819e-06,1.44676e-06,6.93819e-06,6.93819e-06,1.79999,9.95182e-06,9.95182e-06,6.93819e-06,6.93819e-06,1.8,1.9999999999e-06,9.9499999999e-06,0,0,0,0,0,0,0,0,0,0,0,SARSANSTEPS_VENTAJA_e7,,,,,,,,
0,0,444,0,26,97.5936,0,0,0,0,0,1.9977769625e-06,4.3532604649e-06,2.1873408639905279e-10,6.3512561609e-06,0.0,0.0,4.172750263428176,5.0649752492423,0.0,0.0,0,0.0,0,inf,0,0,inf,0,0,0,0,0.0,0.0,4.559310835699312,4.401303446276695,0.0,0.0,0,0.0,0,inf,0,0,inf,0,0,0,0,0.0,0.0,4.024340974369501,5.296925270553032,0.0,0.0,0,0.0,0,inf,0,0,inf,0,0,0,0,0.0,0.0,4.019599877831055,4.3959859219275605,0.0,0.0,0,0.0,0,inf,0,0,inf,0,0.0 0.0 50.0 50.0,5.52 10.88 44.16 38.08,10,2500,1051.01,26,97.5936,0,0,0.0928571,0.0928571,,5,1,0,98,12,0,0,0,8,214707,0,0,0,0,0,196.691,0,8,0,0,0,0,0,0,18,2,5,161,0.0,164.0,0,164,73,73,0,0,0,35.1,0,0,0,0,0,0,0,0,0,0.0,0.0,4.165979235054094,5.070952690175936,0.0,0.0,0,0.0,0,inf,0,0,inf,0,0,0,0,0,0,0.0,0.0,4.548751726258074,4.408280976139197,0.0,0.0,0,0.0,0,inf,0,0,inf,0,0,0,0,0,0,0.0,0.0,4.019599877831055,5.300844802030021,0.0,0.0,0,0.0,0,inf,0,0,inf,0,0,0,0,0,0,0.0,0.0,4.176018760105111,5.060357609507684,0.0,0.0,0,0.0,0,inf,0,0,inf,0,0,0,0,0,0,0.0,0.0,4.564996510013823,4.3959859219275605,0.0,0.0,0,0.0,0,inf,0,0,inf,0,0,0,0,0,0,0.0,0.0,4.026715963530949,5.293715837742677,0.0,0.0,0,0.0,0,inf,0,0,inf,0,0,0,0,0,1.79999,1.8,1.11051e-05,7.69078e-06,1.62772e-06,7.69078e-06,7.69078e-06,1.79999,1.11051e-05,1.11051e-05,7.69078e-06,7.69078e-06,1.8,1.83e-06,1.11e-05,0,0,0,0,0,0,0,0,0,0,0,SARSA_RUIDO_VENTAJA_e5,1.0,,,,,,,
0,0,447,0,24,82.5792,0,0,0,0,0,1.425881237e-06,3.1598060559e-06,2.1606229305692887e-10,4.5859032979e-06,0.0,0.0,4.146522353952655,5.015098700495015,0.0,0.0,0,0.0,0,inf,0,0,inf,0,0,0,0,0.0,0.0,4.5215557022777,4.3133742243287845,0.0,0.0,0,0.0,0,inf,0,0,inf,0,0,0,0,0.0,0.0,4.007619238788885,5.266411455992035,0.0,0.0,0,0.0,0,inf,0,0,inf,0,0,0,0,0.0,0.0,4.006436185100385,4.304607458989193,0.0,0.0,0,0.0,0,inf,0,0,inf,0,0.0 0.0 50.0 50.0,5.52 10.88 44.16 38.08,10,2500,1051.01,24,82.5792,0,0,0.0785714,0.0785714,,4,1,0,99,12,0,0,0,8,232007,0,0,0,0,0,196.618,0,8,0,0,0,0,0,0,16,2,4,175,0.0,176.0,0,176,68,68,0,0,0,26.88,0,0,0,0,0,0,0,0,0,0.0,0.0,4.144835258996721,5.023056335271376,0.0,0.0,0,0.0,0,inf,0,0,inf,0,0,0,0,0,0,0.0,0.0,4.518272106567203,4.327009983902876,0.0,0.0,0,0.0,0,inf,0,0,inf,0,0,0,0,0,0,0.0,0.0,4.006436185100385,5.271713881307607,0.0,0.0,0,0.0,0,inf,0,0,inf,0,0,0,0,0,0,0.0,0.0,4.148302263556073,5.009992562615747,0.0,0.0,0,0.0,0,inf,0,0,inf,0,0,0,0,0,0,0.0,0.0,4.52611294587807,4.304607458989193,0.0,0.0,0,0.0,0,inf,0,0,inf,0,0,0,0,0,0,0.0,0.0,4.008986145415461,5.262810780576737,0.0,0.0,0,0.0,0,inf,0,0,inf,0,0,0,0,0,1.8,1.8,3.98349e-06,3.66236e-06,9.5635e-07,3.66236e-06,3.66236e-06,1.8,3.98349e-06,3.98349e-06,3.66236e-06,3.66236e-06,1.8,1.1099999999e-06,3.98e-06,0,0,0,0,0,0,0,0,0,0,0,SARSA_RUIDO_e9_1,,,,,,,,
0,0,447,0,26,83.8304,0,0,0,0,0,1.3699520877e-06,3.1588303954e-06,2.220155170817861e-10,4.5290043999e-06,0.0,0.0,4.160214512857992,5.04140832238746,0.0,0.0,0,0.0,0,inf,0,0,inf,0,0,0,0,0.0,0.0,4.5537148674077255,4.405940625937098,0.0,0.0,0,0.0,0,inf,0,0,inf,0,0,0,0,0.0,0.0,4.015934365389285,5.292239241078164,0.0,0.0,0,0.0,0,inf,0,0,inf,0,0,0,0,0.0,0.0,4.013557599870948,4.396023669511465,0.0,0.0,0,0.0,0,inf,0,0,inf,0,0.0 0.0 50.0 50.0,5.52 10.88 44.16 38.08,10,2500,1051.01,26,83.8304,0,0,0.0797619,0.0797619,,4,1,0,98,12,0,0,0,8,231164,0,0,0,0,0,196.34,0,8,0,0,0,0,0,0,18,2,4,171,0.0,173.0,0,173,73,73,0,0,0,31.02,0,0,0,0,0,0,0,0,0,0.0,0.0,4.156741735138748,5.04787692600108,0.0,0.0,0,0.0,0,inf,0,0,inf,0,0,0,0,0,0,0.0,0.0,4.546944283122866,4.417463853080187,0.0,0.0,0,0.0,0,inf,0,0,inf,0,0,0,0,0,0,0.0,0.0,4.013557599870948,5.2967685070575214,0.0,0.0,0,0.0,0,inf,0,0,inf,0,0,0,0,0,0,0.0,0.0,4.162502460531848,5.035664028295589,0.0,0.0,0,0.0,0,inf,0,0,inf,0,0,0,0,0,0,0.0,0.0,4.559069695251543,4.396023669511465,0.0,0.0,0,0.0,0,inf,0,0,inf,0,0,0,0,0,0,0.0,0.0,4.0176423325386725,5.288021281643716,0.0,0.0,0,0.0,0,inf,0,0,inf,0,0,0,0,0,1.79999,1.8,5.01084e-06,4.18725e-06,8.61371e-07,4.18725e-06,4.18725e-06,1.79999,5.01084e-06,5.01084e-06,4.18725e-06,4.18725e-06,1.8,1.08e-06,5.01e-06,0,0,0,0,0,0,0,0,0,0,0,SARSA_VENTAJA_e4,2.0,,,,,,,
0,0,444,0,24,80.0768,0,0,0,0,0,1.5869538856e-06,3.9517954064e-06,1.8848357596912277e-10,5.5389373301e-06,0.0,0.0,4.159766426832581,5.089820264879237,0.0,0.0,0,0.0,0,inf,0,0,inf,0,0,0,0,0.0,0.0,4.549678540465243,4.4587339526971705,0.0,0.0,0,0.0,0,inf,0,0,inf,0,0,0,0,0.0,0.0,4.01662092732713,5.3162720175273135,0.0,0.0,0,0.0,0,inf,0,0,inf,0,0,0,0,0.0,0.0,4.014351631400617,4.452435435255732,0.0,0.0,0,0.0,0,inf,0,0,inf,0,0.0 0.0 50.0 50.0,5.52 10.88 44.16 38.08,10,2500,1051.01,24,80.0768,0,0,0.0761905,0.0761905,,4,1,0,94,12,0,0,0,8,219006,0,0,0,0,0,210.616,0,8,0,0,0,0,0,0,16,2,4,192,0.0,193.0,0,193,62,62,0,0,0,23.42,0,0,0,0,0,0,0,0,0,0.0,0.0,4.156459294393295,5.095219501645295,0.0,0.0,0,0.0,0,inf,0,0,inf,0,0,0,0,0,0,0.0,0.0,4.538505699718637,4.4685838516502185,0.0,0.0,0,0.0,0,inf,0,0,inf,0,0,0,0,0,0,0.0,0.0,4.014351631400617,5.319999702460221,0.0,0.0,0,0.0,0,inf,0,0,inf,0,0,0,0,0,0,0.0,0.0,4.162467377483278,5.08602818700908,0.0,0.0,0,0.0,0,inf,0,0,inf,0,0,0,0,0,0,0.0,0.0,4.558052730932224,4.452435435255732,0.0,0.0,0,0.0,0,inf,0,0,inf,0,0,0,0,0,0,0.0,0.0,4.018622881541753,5.313548862415497,0.0,0.0,0,0.0,0,inf,0,0,inf,0,0,0,0,0,1.79999,1.8,6.40411e-06,4.87554e-06,9.62178e-07,4.87554e-06,4.87554e-06,1.79999,6.40411e-06,6.40411e-06,4.87554e-06,4.87554e-06,1.8,1.32e-06,6.3999999999e-06,0,0,0,0,0,0,0,0,0,0,0,SARSA_WInd_e8,,,,,,,,
0,0,447,0,24,78.8256,0,0,0,0,0,1.4312001894e-06,3.3328547033e-06,1.945094085797905e-10,4.764249752e-06,0.0,0.0,4.1455289263621244,5.076583741516092,0.0,0.0,0,0.0,0,inf,0,0,inf,0,0,0,0,0.0,0.0,4.508975986874499,4.430684389231325,0.0,0.0,0,0.0,0,inf,0,0,inf,0,0,0,0,0.0,0.0,4.0040247806227,5.306911504897361,0.0,0.0,0,0.0,0,inf,0,0,inf,0,0,0,0,0.0,0.0,3.999772182228904,4.424273517216617,0.0,0.0,0,0.0,0,inf,0,0,inf,0,0.0 0.0 50.0 50.0,5.52 10.88 44.16 38.08,10,2500,1051.01,24,78.8256,0,0,0.075,0.075,,4,1,0,99,12,0,0,0,8,223007,0,0,0,0,0,198.176,0,8,0,0,0,0,0,0,16,2,4,184,0.0,186.0,0,186,63,63,0,0,0,30.52,0,0,0,0,0,0,0,0,0,0.0,0.0,4.139321891300503,5.081672115826462,0.0,0.0,0,0.0,0,inf,0,0,inf,0,0,0,0,0,0,0.0,0.0,4.496660060469409,4.440786974951925,0.0,0.0,0,0.0,0,inf,0,0,inf,0,0,0,0,0,0,0.0,0.0,3.999772182228904,5.3104087075238375,0.0,0.0,0,0.0,0,inf,0,0,inf,0,0,0,0,0,0,0.0,0.0,4.148532301773281,5.073083430265058,0.0,0.0,0,0.0,0,inf,0,0,inf,0,0,0,0,0,0,0.0,0.0,4.514728274572373,4.424273517216617,0.0,0.0,0,0.0,0,inf,0,0,inf,0,0,0,0,0,0,0.0,0.0,4.006395328891923,5.304326017444491,0.0,0.0,0,0.0,0,inf,0,0,inf,0,0,0,0,0,1.79999,1.8,5.70645e-06,6.42875e-06,1.32495e-06,6.42875e-06,6.42875e-06,1.79999,6.42875e-06,5.70645e-06,6.42875e-06,6.42875e-06,1.8,1.1799999999e-06,5.71e-06,0,0,0,0,0,0,0,0,0,0,0,SARSA_WInd_e9,,,,,,,,
0,0,444,0,27,88.8352,0,0,0,0,0,1.5066553942e-06,3.8936886994e-06,2.0391294208721436e-10,5.4005477068e-06,0.0,0.0,4.165867768659269,5.078527520042579,0.0,0.0,0,0.0,0,inf,0,0,inf,0,0,0,0,0.0,0.0,4.556936290627086,4.488083809406231,0.0,0.0,0,0.0,0,inf,0,0,inf,0,0,0,0,0.0,0.0,4.021900260003138,5.302570976837528,0.0,0.0,0,0.0,0,inf,0,0,inf,0,0,0,0,0.0,0.0,4.01893374399744,4.476422914604196,0.0,0.0,0,0.0,0,inf,0,0,inf,0,0.0 0.0 50.0 50.0,5.52 10.88 44.16 38.08,10,2500,1051.01,27,88.8352,0,0,0.0845238,0.0845238,,8,1,0,102,12,0,0,0,8,206564,0,0,0,0,0,226.19,0,7,0,0,0,0,0,0,19,2,3,234,2.0,228.0,0,223,86,86,0,0,0,31.56,1,0,1,0,1,0,0,0,0,0.0,0.0,4.161504147959871,5.087916898471989,0.0,0.0,0,0.0,0,inf,0,0,inf,0,1,0,0,0,0,0.0,0.0,4.5484346465532735,4.4979008457568215,0.0,0.0,0,0.0,0,inf,0,0,inf,0,1,0,0,0,0,0.0,0.0,4.01893374399744,5.308953427142001,0.0,0.0,0,0.0,0,inf,0,0,inf,0,1,0,0,0,0,0.0,0.0,4.169951169059327,5.072721053459572,0.0,0.0,0,0.0,0,inf,0,0,inf,0,1,0,0,0,0,0.0,0.0,4.564674989416798,4.476422914604196,0.0,0.0,0,0.0,0,inf,0,0,inf,0,1,0,0,0,0,0.0,0.0,4.024768632290682,5.298476474206909,0.0,0.0,0,0.0,0,inf,0,0,inf,0,1,0,1,0,1.8,1.8,4.2182e-06,3.09055e-06,1.07624e-06,3.09055e-06,3.09055e-06,1.8,4.2182e-06,4.2182e-06,3.09055e-06,3.09055e-06,1.8,1.45e-06,4.22e-06,0,0,0,0,0,0,0,0,0,0,0,SarsaNStepsRuido_e9,,2.0,228.0,0.0,223.0,,,
0,0,446,0,27,111.357,0,0,0,0,0,2.4314945221e-06,4.8512961257e-06,2.2442815661438686e-10,7.283015293e-06,0.0,0.0,4.226917158153162,4.937925319513869,0.0,0.0,0,0.0,0,inf,0,0,inf,0,0,0,0,0.0,0.0,4.610029377612285,4.104365408158518,0.0,0.0,0,0.0,0,inf,0,0,inf,0,0,0,0,0.0,0.0,4.05909184420151,5.242181948017358,0.0,0.0,0,0.0,0,inf,0,0,inf,0,0,0,0,0.0,0.0,4.0562625517655375,4.098018929081061,0.0,0.0,0,0.0,0,inf,0,0,inf,0,0.0 0.0 50.0 50.0,5.52 10.88 44.16 38.08,10,2500,1051.01,27,111.357,0,0,0.105952,0.105952,,7,1,0,98,12,0,0,0,8,218763,0,0,0,0,0,211.316,0,8,0,0,0,0,0,0,19,2,3,205,0.0,206.0,0,206,86,86,0,0,0,33.9,0,0,0,0,0,0,0,0,0,0.0,0.0,4.222818658719542,4.941487359166818,0.0,0.0,0,0.0,0,inf,0,0,inf,0,0,0,0,0,0,0.0,0.0,4.603243250204642,4.111472167984742,0.0,0.0,0,0.0,0,inf,0,0,inf,0,0,0,0,0,0,0.0,0.0,4.0562625517655375,5.248506666722918,0.0,0.0,0,0.0,0,inf,0,0,inf,0,0,0,0,0,0,0.0,0.0,4.230212744272665,4.934554682315778,0.0,0.0,0,0.0,0,inf,0,0,inf,0,0,0,0,0,0,0.0,0.0,4.615857604567191,4.098018929081061,0.0,0.0,0,0.0,0,inf,0,0,inf,0,0,0,0,0,0,0.0,0.0,4.0612669932128735,5.237953774530795,0.0,0.0,0,0.0,0,inf,0,0,inf,0,0,0,0,0,1.79999,1.8,5.83966e-06,7.38553e-06,1.6947e-06,7.38553e-06,7.38553e-06,1.79999,7.38553e-06,5.83966e-06,7.38553e-06,7.38553e-06,1.8,1.5799999999e-06,5.8399999999e-06,0,0,0,0,0,0,0,0,0,0,0,SarsaNada_e10_1,,,,,,,,
0,0,447,0,26,86.3328,0,0,0,0,0,1.4118515991e-06,3.7604195313e-06,2.1758360391199718e-10,5.1724882723e-06,0.0,0.0,4.135863768525598,5.044116822554936,0.0,0.0,0,0.0,0,inf,0,0,inf,0,0,0,0,0.0,0.0,4.446667160345852,4.3001008415601785,0.0,0.0,0,0.0,0,inf,0,0,inf,0,0,0,0,0.0,0.0,4.0128670411301,5.299846489458044,0.0,0.0,0,0.0,0,inf,0,0,inf,0,0,0,0,0.0,0.0,4.009134471215747,4.292434085224497,0.0,0.0,0,0.0,0,inf,0,0,inf,0,0.0 0.0 50.0 50.0,5.52 10.88 44.16 38.08,10,2500,1051.01,26,86.3328,0,0,0.0821429,0.0821429,,5,1,0,98,12,0,0,0,8,225637,0,0,0,0,0,224.388,0,8,0,0,0,0,0,0,18,2,3,207,0.0,208.0,0,208,72,72,0,0,0,25.8,0,0,0,0,0,0,0,0,0,0.0,0.0,4.131720860169738,5.053495542843008,0.0,0.0,0,0.0,0,inf,0,0,inf,0,0,0,0,0,0,0.0,0.0,4.439153614791901,4.313005630274184,0.0,0.0,0,0.0,0,inf,0,0,inf,0,0,0,0,0,0,0.0,0.0,4.009134471215747,5.306063294482557,0.0,0.0,0,0.0,0,inf,0,0,inf,0,0,0,0,0,0,0.0,0.0,4.139366300222744,5.039915294421718,0.0,0.0,0,0.0,0,inf,0,0,inf,0,0,0,0,0,0,0.0,0.0,4.452807582024112,4.292434085224497,0.0,0.0,0,0.0,0,inf,0,0,inf,0,0,0,0,0,0,0.0,0.0,4.016043611337998,5.296814692336652,0.0,0.0,0,0.0,0,inf,0,0,inf,0,0,0,0,0,1.79999,1.8,6.07373e-06,5.35115e-06,1.28094e-06,5.35115e-06,5.35115e-06,1.79999,6.07373e-06,6.07373e-06,5.35115e-06,5.35115e-06,1.8,1.1999999999e-06,6.07e-06,0,0,0,0,0,0,0,0,0,0,0,SarsaNada_e10,1.0,,,,,,,
0,0,446,0,27,103.85,0,0,0,0,0,2.0955590116e-06,4.4457215153e-06,2.3248108993456637e-10,6.5415129029e-06,0.0,0.0,4.178133512982226,5.028514635904014,0.0,0.0,0,0.0,0,inf,0,0,inf,0,0,0,0,0.0,0.0,4.568193952415173,4.279877906550083,0.0,0.0,0,0.0,0,inf,0,0,inf,0,0,0,0,0.0,0.0,4.027424285840692,5.287274767660845,0.0,0.0,0,0.0,0,inf,0,0,inf,0,0,0,0,0.0,0.0,4.025497826793879,4.268664209595014,0.0,0.0,0,0.0,0,inf,0,0,inf,0,0.0 0.0 50.0 50.0,5.52 10.88 44.16 38.08,10,2500,1051.01,27,103.85,0,0,0.0988095,0.0988095,,6,1,0,98,12,0,0,0,8,194721,0,0,0,0,0,208.597,0,8,0,0,0,0,0,0,19,2,7,201,0.0,204.0,0,204,78,78,0,0,0,25.78,0,0,0,0,0,0,0,0,0,0.0,0.0,4.173729924252812,5.037585602360956,0.0,0.0,0,0.0,0,inf,0,0,inf,0,0,0,0,0,0,0.0,0.0,4.559728723657599,4.298475475006159,0.0,0.0,0,0.0,0,inf,0,0,inf,0,0,0,0,0,0,0.0,0.0,4.025497826793879,5.293169607999113,0.0,0.0,0,0.0,0,inf,0,0,inf,0,0,0,0,0,0,0.0,0.0,4.180444553295647,5.02280276032538,0.0,0.0,0,0.0,0,inf,0,0,inf,0,0,0,0,0,0,0.0,0.0,4.57298478694653,4.268664209595014,0.0,0.0,0,0.0,0,inf,0,0,inf,0,0,0,0,0,0,0.0,0.0,4.028941738713667,5.283305498190947,0.0,0.0,0,0.0,0,inf,0,0,inf,0,0,0,0,0,1.79999,1.8,7.70164e-06,6.14167e-06,1.30185e-06,6.14167e-06,6.14167e-06,1.79999,7.70164e-06,7.70164e-06,6.14167e-06,6.14167e-06,1.8,1.76e-06,7.7e-06,0,0,0,0,0,0,0,0,0,0,0,SarsaNada_e6,1.0,,,,,,,
0,0,445,0,26,83.8304,0,0,0,0,0,1.2903603874e-06,3.1423030577e-06,2.004449800585561e-10,4.4328639887e-06,0.0,0.0,4.120364166485053,5.068456908745993,0.0,0.0,0,0.0,0,inf,0,0,inf,0,0,0,0,0.0,0.0,4.456526829261794,4.451991790122546,0.0,0.0,0,0.0,0,inf,0,0,inf,0,0,0,0,0.0,0.0,3.994639398996292,5.295881660880369,0.0,0.0,0,0.0,0,inf,0,0,inf,0,0,0,0,0.0,0.0,3.992039700688305,4.443832094749989,0.0,0.0,0,0.0,0,inf,0,0,inf,0,0.0 0.0 50.0 50.0,5.52 10.88 44.16 38.08,10,2500,1051.01,26,83.8304,0,0,0.0797619,0.0797619,1.0,3,1,0,98,12,0,0,0,8,219234,0,0,0,0,0,207.805,0,8,0,0,0,0,0,0,18,2,6,175,3.0,176.0,0,179,66,66,0,0,0,35.44,0,0,0,0,0,0,0,0,0,0.0,0.0,4.116654689210264,5.078829056624596,0.0,0.0,0,0.0,0,inf,0,0,inf,0,0,0,0,0,0,0.0,0.0,4.449710059697804,4.467649487926269,0.0,0.0,0,0.0,0,inf,0,0,inf,0,0,0,0,0,0,0.0,0.0,3.992039700688305,5.302789912824175,0.0,0.0,0,0.0,0,inf,0,0,inf,0,0,0,0,0,0,0.0,0.0,4.122362123896674,5.0640177928787855,0.0,0.0,0,0.0,0,inf,0,0,inf,0,0,0,0,0,0,0.0,0.0,4.459964079843245,4.443832094749989,0.0,0.0,0,0.0,0,inf,0,0,inf,0,0,0,0,0,0,0.0,0.0,3.9962607687473097,5.292806343015181,0.0,0.0,0,0.0,0,inf,0,0,inf,0,0,0,0,0,1.8,1.8,3.47651e-06,4.0938e-06,9.23617e-07,4.0938e-06,4.0938e-06,1.8,4.0938e-06,3.47651e-06,4.0938e-06,4.0938e-06,1.8,8.77e-07,3.48e-06,0,0,0,0,0,0,0,0,0,0,0,SarsaNada_e8,2.0,0.0,179.0,,,,,
0,0,445,0,29,111.357,0,0,0,0,0,2.3168277039e-06,5.1072211135e-06,2.2539628496964778e-10,7.4242743721e-06,0.0,0.0,4.160430784309306,4.95799060285001,0.0,0.0,0,0.0,0,inf,0,0,inf,0,0,0,0,0.0,0.0,4.551470884566889,4.2210627299341335,0.0,0.0,0,0.0,0,inf,0,0,inf,0,0,0,0,0.0,0.0,4.017425616998136,5.245966476370734,0.0,0.0,0,0.0,0,inf,0,0,inf,0,0,0,0,0.0,0.0,4.014821477797926,4.206282552433892,0.0,0.0,0,0.0,0,inf,0,0,inf,0,0.0 0.0 50.0 50.0,5.52 10.88 44.16 38.08,10,2500,1051.01,29,111.357,0,0,0.105952,0.105952,,7,1,0,104,12,0,0,0,8,213813,0,0,0,0,0,250.748,0,8,0,0,0,0,0,0,21,2,3,241,2.0,243.0,0,238,97,97,0,0,0,32.64,0,0,0,0,0,0,0,0,0,0.0,0.0,4.156414885471055,4.9667795726507205,0.0,0.0,0,0.0,0,inf,0,0,inf,0,0,0,0,0,0,0.0,0.0,4.544065696783206,4.237624593394684,0.0,0.0,0,0.0,0,inf,0,0,inf,0,0,0,0,0,0,0.0,0.0,4.014821477797926,5.252280536934956,0.0,0.0,0,0.0,0,inf,0,0,inf,0,0,0,0,0,0,0.0,0.0,4.163655316153224,4.9499610256196185,0.0,0.0,0,0.0,0,inf,0,0,inf,0,0,0,0,0,0,0.0,0.0,4.557643280669162,4.206282552433892,0.0,0.0,0,0.0,0,inf,0,0,inf,0,0,0,0,0,0,0.0,0.0,4.01969846563843,5.240333648673689,0.0,0.0,0,0.0,0,inf,0,0,inf,0,0,0,0,0,1.79999,1.8,6.40706e-06,5.03006e-06,1.51231e-06,5.03006e-06,5.03006e-06,1.79999,6.40706e-06,6.40706e-06,5.03006e-06,5.03006e-06,1.8,1.83e-06,6.4099999999e-06,0,0,0,0,0,0,0,0,0,0,0,Sarsa_Ruido_e9,2.0,2.0,240.0,0.0,238.0,,,
0,0,444,0,25,87.584,0,0,0,0,0,1.4064904689e-06,3.2335869946e-06,2.161049950100136e-10,4.6402933548e-06,0.0,0.0,4.194103849598527,5.038495985266896,0.0,0.0,0,0.0,0,inf,0,0,inf,0,0,0,0,0.0,0.0,4.623723756963735,4.355723460756224,0.0,0.0,0,0.0,0,inf,0,0,inf,0,0,0,0,0.0,0.0,4.038358206585643,5.292832100190081,0.0,0.0,0,0.0,0,inf,0,0,inf,0,0,0,0,0.0,0.0,4.035883297349153,4.349273064800722,0.0,0.0,0,0.0,0,inf,0,0,inf,0,0.0 0.0 50.0 50.0,5.52 10.88 44.16 38.08,10,2500,1051.01,25,87.584,0,0,0.0833333,0.0833333,,5,1,0,97,12,0,0,0,8,232662,0,0,0,0,0,210.491,0,8,0,0,0,0,0,0,17,2,4,200,0.0,202.0,0,202,73,73,0,0,0,26.28,0,0,0,0,0,0,0,0,0,0.0,0.0,4.190595544741489,5.043388072140962,0.0,0.0,0,0.0,0,inf,0,0,inf,0,0,0,0,0,0,0.0,0.0,4.612920398450173,4.363519447055627,0.0,0.0,0,0.0,0,inf,0,0,inf,0,0,0,0,0,0,0.0,0.0,4.035883297349153,5.296127242220361,0.0,0.0,0,0.0,0,inf,0,0,inf,0,0,0,0,0,0,0.0,0.0,4.196464627904857,5.034842019144908,0.0,0.0,0,0.0,0,inf,0,0,inf,0,0,0,0,0,0,0.0,0.0,4.63071460950291,4.349273064800722,0.0,0.0,0,0.0,0,inf,0,0,inf,0,0,0,0,0,0,0.0,0.0,4.04015810020407,5.29015424217895,0.0,0.0,0,0.0,0,inf,0,0,inf,0,0,0,0,0,1.79999,1.8,5.75646e-06,5.98166e-06,9.49442e-07,5.98166e-06,5.98166e-06,1.79999,5.98166e-06,5.75646e-06,5.98166e-06,5.98166e-06,1.8,1.32e-06,5.7599999999e-06,0,0,0,0,0,0,0,0,0,0,0,SarsanStepsNada_e8,,,,,,,,
0,0,445,0,25,76.3232,0,0,0,0,0,1.0626459925e-06,2.346055453e-06,1.9668215667234532e-10,3.4088982374e-06,0.0,0.0,4.161343387661359,5.080718656265949,0.0,0.0,0,0.0,0,inf,0,0,inf,0,0,0,0,0.0,0.0,4.5737157578066165,4.4766875917807525,0.0,0.0,0,0.0,0,inf,0,0,inf,0,0,0,0,0.0,0.0,4.016700863387164,5.316115698121025,0.0,0.0,0,0.0,0,inf,0,0,inf,0,0,0,0,0.0,0.0,4.014094059651619,4.468369356555795,0.0,0.0,0,0.0,0,inf,0,0,inf,0,0.0 0.0 50.0 50.0,5.52 10.88 44.16 38.08,10,2500,1051.01,25,76.3232,0,0,0.072619,0.072619,1.0,3,1,0,98,12,0,0,0,8,230425,0,0,0,0,0,188.292,0,8,0,0,0,0,0,0,17,2,4,159,0.0,160.0,0,160,62,62,0,0,0,28.74,0,0,0,0,0,0,0,0,0,0.0,0.0,4.157491357746176,5.086249787531063,0.0,0.0,0,0.0,0,inf,0,0,inf,0,0,0,0,0,0,0.0,0.0,4.566718688018328,4.4865987750464935,0.0,0.0,0,0.0,0,inf,0,0,inf,0,0,0,0,0,0,0.0,0.0,4.014094059651619,5.319932200898415,0.0,0.0,0,0.0,0,inf,0,0,inf,0,0,0,0,0,0,0.0,0.0,4.163250750871608,5.075926489466926,0.0,0.0,0,0.0,0,inf,0,0,inf,0,0,0,0,0,0,0.0,0.0,4.577095276789155,4.468369356555795,0.0,0.0,0,0.0,0,inf,0,0,inf,0,0,0,0,0,0,0.0,0.0,4.01813571566477,5.312729073710928,0.0,0.0,0,0.0,0,inf,0,0,inf,0,0,0,0,0,1.8,1.8,2.10612e-06,3.88634e-06,7.97482e-07,3.88634e-06,3.88634e-06,1.8,3.88634e-06,2.10612e-06,3.88634e-06,3.88634e-06,1.8,5.580000000000001e-07,2.11e-06,0,0,0,0,0,0,0,0,0,0,0,SarsanstepsNada_e8_1,1.0,,,,,,,
0,0,446,0,483,663.136,0,0,0,0,0,1.6897266732e-06,5.6733106248e-06,2.381560060271681e-09,7.3654186962e-06,0.0,0.0,4.240029780623255,4.91477716879576,0.0,0.0,0,0.0,0,inf,0,0,inf,0,0,0,0,0.0,0.0,4.664070595087329,4.15739809900947,0.0,0.0,0,0.0,0,inf,0,0,inf,0,0,0,0,0.0,0.0,4.071166630158832,5.206832445913541,0.0,0.0,0,0.0,0,inf,0,0,inf,0,0,0,0,0.0,0.0,4.064299678512709,4.125286895515465,0.0,0.0,0,0.0,0,inf,0,0,inf,0,0.0 0.0 200.0 200.0,5.52 10.88 194.12 187.68,10,40000,33344.5,483,663.136,0,0,0.0198874,0.0198874,,5,1,0,2957,469,0,0,0,8,817542,0,0,0,0,0,813.148,0,8,0,0,0,0,0,0,18,2,12,817,0.0,814.0,0,814,76,76,0,0,0,105.48,0,0,0,0,0,0,0,0,0,0.0,0.0,4.2322280211639605,4.943513294199451,0.0,0.0,0,0.0,0,inf,0,0,inf,0,0,0,0,0,0,0.0,0.0,4.649910366141572,4.205445000160427,0.0,0.0,0,0.0,0,inf,0,0,inf,0,0,0,0,0,0,0.0,0.0,4.064299678512709,5.224932190351296,0.0,0.0,0,0.0,0,inf,0,0,inf,0,0,0,0,0,0,0.0,0.0,4.245814930923586,4.897671740126981,0.0,0.0,0,0.0,0,inf,0,0,inf,0,0,0,0,0,0,0.0,0.0,4.674450292482713,4.125286895515465,0.0,0.0,0,0.0,0,inf,0,0,inf,0,0,0,0,0,0,0.0,0.0,4.078278274966502,5.196041077808983,0.0,0.0,0,0.0,0,inf,0,0,inf,0,0,0,0,0,1.79999,1.8,6.91656e-06,5.75621e-06,2.34048e-07,5.75621e-06,5.75621e-06,1.79999,6.91656e-06,6.91656e-06,5.75621e-06,5.75621e-06,1.8,2.1300000000000001e-07,6.9199999999e-06,0,0,0,0,0,0,0,0,0,0,0,e7_SARSA_nSteps_INDEPENDIENTES,1.0,,,,,,,
0,0,447,0,26,86.3328,0,0,0,0,0,1.4794405842e-06,3.6053834264e-06,2.0504821451883257e-10,5.0850289881e-06,0.0,0.0,4.12159829043413,5.0270908858569685,0.0,0.0,0,0.0,0,inf,0,0,inf,0,0,0,0,0.0,0.0,4.4614730950209935,4.242522009339418,0.0,0.0,0,0.0,0,inf,0,0,inf,0,0,0,0,0.0,0.0,3.987842169358088,5.290766197127431,0.0,0.0,0,0.0,0,inf,0,0,inf,0,0,0,0,0.0,0.0,3.986425968827823,4.237198711830392,0.0,0.0,0,0.0,0,inf,0,0,inf,0,0.0 0.0 50.0 50.0,5.52 10.88 44.16 38.08,10,2500,1051.01,26,86.3328,0,0,0.0821429,0.0821429,,4,1,0,96,12,0,0,0,8,222243,0,0,0,0,0,204.566,0,8,0,0,0,0,0,0,18,2,4,172,0.0,173.0,0,173,69,69,0,0,0,26.56,0,0,0,0,0,0,0,0,0,0.0,0.0,4.1194022692293135,5.032683745523997,0.0,0.0,0,0.0,0,inf,0,0,inf,0,0,0,0,0,0,0.0,0.0,4.456110717660396,4.252233352455075,0.0,0.0,0,0.0,0,inf,0,0,inf,0,0,0,0,0,0,0.0,0.0,3.986425968827823,5.294433930015313,0.0,0.0,0,0.0,0,inf,0,0,inf,0,0,0,0,0,0,0.0,0.0,4.123555835726512,5.023924529701187,0.0,0.0,0,0.0,0,inf,0,0,inf,0,0,0,0,0,0,0.0,0.0,4.46599658784046,4.237198711830392,0.0,0.0,0,0.0,0,inf,0,0,inf,0,0,0,0,0,0,0.0,0.0,3.989251708550016,5.288471144026017,0.0,0.0,0,0.0,0,inf,0,0,inf,0,0,0,0,0,1.79999,1.8,5.19224e-06,4.77187e-06,1.13468e-06,4.77187e-06,4.77187e-06,1.79999,5.19224e-06,5.19224e-06,4.77187e-06,4.77187e-06,1.8,1.2899999999e-06,5.19e-06,0,0,0,0,0,0,0,0,0,0,0,e9_SARSA_nSteps_INDEPENDIENTES,2.0,,,,,,,
0,0,457,0,83,495.475,0,0,0,0,0,1.21656457849e-05,2.20906913455e-05,5.903926791894776e-10,3.42569255735e-05,0.0,0.0,4.169885887943632,3.611139489646004,0.0,0.0,0,0.0,0,inf,0,0,inf,0,0,0,0,0.0,0.0,4.55989658938367,1.2155938821824632,0.0,0.0,0,0.0,0,inf,0,0,inf,0,0,0,0,0.0,0.0,4.025089708798484,4.426221292546106,0.0,0.0,0,0.0,0,inf,0,0,inf,0,0,0,0,0.0,0.0,4.022092994725663,1.1964776175146126,0.0,0.0,0,0.0,0,inf,0,0,inf,0,0.0 0.0 50.0 50.0,5.52 10.88 44.16 38.08,18,2500,1051.01,83,495.475,0,0,0.471429,0.471429,1.0,54,1,0,103,12,0,0,0,16,349714,0,0,0,0,0,902.363,0,16,0,0,0,0,0,0,79,2,6,938,12.0,939.0,0,928,444,444,0,0,0,49.13,0,0,0,0,0,0,0,0,0,0.0,0.0,4.165218066126884,3.622708902068224,0.0,0.0,0,0.0,0,inf,0,0,inf,0,0,0,0,0,0,0.0,0.0,4.551485539511229,1.236729420544611,0.0,0.0,0,0.0,0,inf,0,0,inf,0,0,0,0,0,0,0.0,0.0,4.022092994725663,4.4338889370602335,0.0,0.0,0,0.0,0,inf,0,0,inf,0,0,0,0,0,0,0.0,0.0,4.175561348206029,3.601224753666484,0.0,0.0,0,0.0,0,inf,0,0,inf,0,0,0,0,0,0,0.0,0.0,4.570653762618101,1.1964776175146126,0.0,0.0,0,0.0,0,inf,0,0,inf,0,0,0,0,0,0,0.0,0.0,4.02886491127819,4.418753488182064,0.0,0.0,0,0.0,0,inf,0,0,inf,0,0,0,0,0,1.79998,1.79999,1.96896e-05,1.34148e-05,7.27352e-06,1.34148e-05,1.34148e-05,1.79998,1.96896e-05,1.96896e-05,1.34148e-05,1.34148e-05,1.8,8.96e-06,1.97e-05,0,0,0,0,0,0,0,0,0,0,0,mult4_SARSANPASOS_VENTAJA_RUIDO_e8_SARSA_RUIDO_e9_SARSA_RUIDO_e9_SARSA_RUIDO_e9,,0.0,928.0,,,,,
0,0,451,0,82,495.475,0,0,0,0,0,1.1796646504e-05,2.33416012633e-05,6.044094114088239e-10,3.51388516719e-05,0.0,0.0,4.198175703678801,3.747597449551187,0.0,0.0,0,0.0,0,inf,0,0,inf,0,0,0,0,0.0,0.0,4.607194312016421,1.6209052336914065,0.0,0.0,0,0.0,0,inf,0,0,inf,0,0,0,0,0.0,0.0,4.044179328112991,4.545550731142945,0.0,0.0,0,0.0,0,inf,0,0,inf,0,0,0,0,0.0,0.0,4.040754067940544,1.5969337415549496,0.0,0.0,0,0.0,0,inf,0,0,inf,0,0.0 0.0 50.0 50.0,5.52 10.88 44.16 38.08,18,2500,1051.01,82,495.475,0,0,0.471429,0.471429,,52,1,0,88,12,0,0,0,16,385716,0,0,0,0,0,922.466,0,16,0,0,0,0,0,0,78,2,13,949,11.0,967.0,0,965,464,464,0,0,0,62.78,0,0,0,0,0,0,0,0,0,0.0,0.0,4.1930669012642,3.760941442506155,0.0,0.0,0,0.0,0,inf,0,0,inf,0,0,0,0,0,0,0.0,0.0,4.599207367351382,1.644639582183096,0.0,0.0,0,0.0,0,inf,0,0,inf,0,0,0,0,0,0,0.0,0.0,4.040754067940544,4.554847739014093,0.0,0.0,0,0.0,0,inf,0,0,inf,0,0,0,0,0,0,0.0,0.0,4.200718114477097,3.7350523731073335,0.0,0.0,0,0.0,0,inf,0,0,inf,0,0,0,0,0,0,0.0,0.0,4.611720913460444,1.5969337415549496,0.0,0.0,0,0.0,0,inf,0,0,inf,0,0,0,0,0,0,0.0,0.0,4.046087579501685,4.536749770933228,0.0,0.0,0,0.0,0,inf,0,0,inf,0,0,0,0,0,1.79998,1.79999,1.92914e-05,2.5648e-05,8.78012e-06,2.5648e-05,2.5648e-05,1.79998,2.5648e-05,1.92914e-05,2.5648e-05,2.5648e-05,1.8,9.53e-06,1.93e-05,0,0,0,0,0,0,0,0,0,0,0,mult4_SARSA_RUIDO_e9_SARSA_RUIDO_e9_SARSA_RUIDO_e9_SARSA_RUIDO_e9,2.0,19.0,958.0,0.0,965.0,,,
0,0,454,0,82,501.731,0,0,0,0,0,1.34061538119e-05,2.46258659899e-05,6.010716369075907e-10,3.80326200684e-05,0.0,0.0,4.240856230666159,3.763502949141015,0.0,0.0,0,0.0,0,inf,0,0,inf,0,0,0,0,0.0,0.0,4.724262004203527,1.7563928586456234,0.0,0.0,0,0.0,0,inf,0,0,inf,0,0,0,0,0.0,0.0,4.070747409932877,4.486692033783199,0.0,0.0,0,0.0,0,inf,0,0,inf,0,0,0,0,0.0,0.0,4.066760820983305,1.7351942596138934,0.0,0.0,0,0.0,0,inf,0,0,inf,0,0.0 0.0 50.0 50.0,5.52 10.88 44.16 38.08,18,2500,1051.01,82,501.731,0,0,0.477381,0.477381,,53,1,0,93,12,0,0,0,16,376205,0,0,0,0,0,815.743,0,16,0,0,0,0,0,0,78,2,16,839,9.0,850.0,0,853,424,424,0,0,0,53.9,0,0,0,0,0,0,0,0,0,0.0,0.0,4.234876569286412,3.77816943980032,0.0,0.0,0,0.0,0,inf,0,0,inf,0,0,0,0,0,0,0.0,0.0,4.712900425537395,1.7708199852140494,0.0,0.0,0,0.0,0,inf,0,0,inf,0,0,0,0,0,0,0.0,0.0,4.066760820983305,4.497171207164403,0.0,0.0,0,0.0,0,inf,0,0,inf,0,0,0,0,0,0,0.0,0.0,4.24689362364482,3.7478710085121913,0.0,0.0,0,0.0,0,inf,0,0,inf,0,0,0,0,0,0,0.0,0.0,4.735605819300762,1.7351942596138934,0.0,0.0,0,0.0,0,inf,0,0,inf,0,0,0,0,0,0,0.0,0.0,4.07491296683908,4.476569464047591,0.0,0.0,0,0.0,0,inf,0,0,inf,0,0,0,0,0,1.79998,1.79999,2.47039e-05,2.20518e-05,8.40888e-06,2.20518e-05,2.20518e-05,1.79998,2.47039e-05,2.47039e-05,2.20518e-05,2.20518e-05,1.8,1.13e-05,2.47e-05,0,0,0,0,0,0,0,0,0,0,0,mult4_SARSA_RUIDO_e9_SARSA_RUIDO_e9_SarsaNStepsRuido_e9_SARSA_RUIDO_e9,1.0,1.0,852.0,0.0,853.0,,,
0,0,456,0,85,499.229,0,0,0,0,0,1.25007263704e-05,2.38047832681e-05,6.117655826365365e-10,3.6306119e-05,0.0,0.0,4.205702571909425,3.24101199496092,0.0,0.0,0,0.0,0,inf,0,0,inf,0,0,0,0,0.0,0.0,4.617680590825184,0.5592175769626051,0.0,0.0,0,0.0,0,inf,0,0,inf,0,0,0,0,0.0,0.0,4.048768990226596,4.182257325501523,0.0,0.0,0,0.0,0,inf,0,0,inf,0,0,0,0,0.0,0.0,4.046188831844395,0.5370628538350268,0.0,0.0,0,0.0,0,inf,0,0,inf,0,0.0 0.0 50.0 50.0,5.52 10.88 44.16 38.08,18,2500,1051.01,85,499.229,0,0,0.475,0.475,,54,1,0,96,12,0,0,0,16,382242,0,0,0,0,0,916.985,0,17,0,0,0,0,0,0,81,2,11,907,3.0,905.0,0,902,460,460,0,0,0,38.88,0,0,0,0,0,0,0,0,0,0.0,0.0,4.20136159976037,3.2572772068209,0.0,0.0,0,0.0,0,inf,0,0,inf,0,0,0,0,0,0,0.0,0.0,4.608433765036168,0.5884430886893917,0.0,0.0,0,0.0,0,inf,0,0,inf,0,0,0,0,0,0,0.0,0.0,4.046188831844395,4.1937894344290605,0.0,0.0,0,0.0,0,inf,0,0,inf,0,0,0,0,0,0,0.0,0.0,4.2100564226459305,3.226541347648697,0.0,0.0,0,0.0,0,inf,0,0,inf,0,0,0,0,0,0,0.0,0.0,4.626622327318404,0.5370628538350268,0.0,0.0,0,0.0,0,inf,0,0,inf,0,0,0,0,0,0,0.0,0.0,4.0518842761218,4.172333707737555,0.0,0.0,0,0.0,0,inf,0,0,inf,0,0,0,0,0,1.79997,1.79999,2.84625e-05,1.79446e-05,8.52508e-06,1.79446e-05,1.79446e-05,1.79997,2.84625e-05,2.84625e-05,1.79446e-05,1.79446e-05,1.8,1.09999999999e-05,2.85e-05,0,0,0,0,0,0,0,0,0,0,0,mult4_SARSA_RUIDO_e9_SARSA_RUIDO_e9_SarsaNada_e6_SARSA_RUIDO_e9,2.0,9.0,911.0,0.0,902.0,,,
0,0,456,0,85,538.016,0,0,0,0,0,1.43252582347e-05,2.59336193266e-05,6.247620754074035e-10,4.02595032937e-05,0.0,0.0,4.209975598407452,3.897553501371514,0.0,0.0,0,0.0,0,inf,0,0,inf,0,0,0,0,0.0,0.0,4.629846859162321,1.9850437411230728,0.0,0.0,0,0.0,0,inf,0,0,inf,0,0,0,0,0.0,0.0,4.051749272998188,4.584090570220553,0.0,0.0,0,0.0,0,inf,0,0,inf,0,0,0,0,0.0,0.0,4.0475162145301775,1.9629272096686217,0.0,0.0,0,0.0,0,inf,0,0,inf,0,0.0 0.0 50.0 50.0,5.52 10.88 44.16 38.08,18,2500,1051.01,85,538.016,0,0,0.511905,0.511905,,54,1,0,96,12,0,0,0,16,377945,0,0,0,0,0,971.963,0,16,0,0,0,0,0,0,81,2,5,1006,0.0,1005.0,0,1005,466,466,0,0,0,56.98,0,0,0,0,0,0,0,0,0,0.0,0.0,4.2035638382143,3.9113891010956894,0.0,0.0,0,0.0,0,inf,0,0,inf,0,0,0,0,0,0,0.0,0.0,4.61917273061248,2.0071469499008514,0.0,0.0,0,0.0,0,inf,0,0,inf,0,0,0,0,0,0,0.0,0.0,4.0475162145301775,4.594442289994925,0.0,0.0,0,0.0,0,inf,0,0,inf,0,0,0,0,0,0,0.0,0.0,4.2156572759189626,3.88533083370313,0.0,0.0,0,0.0,0,inf,0,0,inf,0,0,0,0,0,0,0.0,0.0,4.640520987712162,1.9629272096686217,0.0,0.0,0,0.0,0,inf,0,0,inf,0,0,0,0,0,0,0.0,0.0,4.05563283324816,4.574178498776368,0.0,0.0,0,0.0,0,inf,0,0,inf,0,0,0,0,0,1.79998,1.79999,2.16582e-05,1.73629e-05,9.22136e-06,1.73629e-05,1.73629e-05,1.79998,2.16582e-05,2.16582e-05,1.73629e-05,1.73629e-05,1.8,1.13999999999e-05,2.16999999999e-05,0,0,0,0,0,0,0,0,0,0,0,mult4_SARSA_RUIDO_e9_SarsaNada_e6_SARSA_RUIDO_e9_SARSA_RUIDO_e9,3.0,,,,,,,
0,0,457,0,81,517.997,0,0,0,0,0,1.31240021801e-05,2.36502764892e-05,6.94513557775167e-10,3.67749744327e-05,0.0,0.0,4.232876391428678,3.79916731050352,0.0,0.0,0,0.0,0,inf,0,0,inf,0,0,0,0,0.0,0.0,4.674124330993465,1.7394646215765857,0.0,0.0,0,0.0,0,inf,0,0,inf,0,0,0,0,0.0,0.0,4.066504137412752,4.51334005166312,0.0,0.0,0,0.0,0,inf,0,0,inf,0,0,0,0,0.0,0.0,4.061388673659813,1.7146302640809867,0.0,0.0,0,0.0,0,inf,0,0,inf,0,0.0 0.0 50.0 50.0,5.52 10.88 44.16 38.08,18,2500,1051.01,81,517.997,0,0,0.492857,0.492857,,52,1,0,98,12,0,0,0,16,327948,0,0,0,0,0,918.026,0,16,0,0,0,0,0,0,77,2,11,913,21.0,922.0,0,925,453,453,0,0,0,38.91,0,0,0,0,0,0,0,0,0,0.0,0.0,4.225127922676073,3.813832024805936,0.0,0.0,0,0.0,0,inf,0,0,inf,0,0,0,0,0,0,0.0,0.0,4.659547546357087,1.7627970693219943,0.0,0.0,0,0.0,0,inf,0,0,inf,0,0,0,0,0,0,0.0,0.0,4.061388673659813,4.52342798243938,0.0,0.0,0,0.0,0,inf,0,0,inf,0,0,0,0,0,0,0.0,0.0,4.239038573478836,3.7859765283302833,0.0,0.0,0,0.0,0,inf,0,0,inf,0,0,0,0,0,0,0.0,0.0,4.6859335515957845,1.7146302640809867,0.0,0.0,0,0.0,0,inf,0,0,inf,0,0,0,0,0,0,0.0,0.0,4.070620400415268,4.504071021412983,0.0,0.0,0,0.0,0,inf,0,0,inf,0,0,0,0,0,1.79998,1.79999,2.18139e-05,1.7418e-05,7.57439e-06,1.7418e-05,1.7418e-05,1.79998,2.18139e-05,2.18139e-05,1.7418e-05,1.7418e-05,1.8,1.09e-05,2.18e-05,0,0,0,0,0,0,0,0,0,0,0,mult4_SARSA_WInd_e9_SARSA_RUIDO_e9_SARSA_RUIDO_e9_SARSA_RUIDO_e9,1.0,23.0,932.0,0.0,925.0,,,
0,0,454,0,85,515.494,0,0,0,0,0,1.30420949062e-05,2.42540118051e-05,6.173430655564971e-10,3.72967260773e-05,0.0,0.0,4.263224560709717,3.665137186377253,0.0,0.0,0,0.0,0,inf,0,0,inf,0,0,0,0,0.0,0.0,4.684751830174952,1.613082157949436,0.0,0.0,0,0.0,0,inf,0,0,inf,0,0,0,0,0.0,0.0,4.058733908288248,4.450365091300858,0.0,0.0,0,0.0,0,inf,0,0,inf,0,0,0,0,0.0,0.0,4.055029315994906,1.5929613634604942,0.0,0.0,0,0.0,0,inf,0,0,inf,0,0.0 0.0 50.0 50.0,5.52 10.88 44.16 38.08,18,2500,1051.01,85,515.494,0,0,0.490476,0.490476,,55,1,0,94,12,0,0,0,16,361019,0,0,0,0,0,874.914,0,15,0,0,0,0,0,0,81,2,13,924,6.0,922.0,0,920,447,447,0,0,0,48.63,1,0,1,0,1,0,0,0,0,0.0,0.0,4.256693340515737,3.680100772726349,0.0,0.0,0,0.0,0,inf,0,0,inf,0,1,0,0,0,0,0.0,0.0,4.677021569080465,1.6341506388389997,0.0,0.0,0,0.0,0,inf,0,0,inf,0,1,0,0,0,0,0.0,0.0,4.055029315994906,4.460002271516372,0.0,0.0,0,0.0,0,inf,0,0,inf,0,1,0,0,0,0,0.0,0.0,4.267481155906514,3.652804384581711,0.0,0.0,0,0.0,0,inf,0,0,inf,0,1,0,0,0,0,0.0,0.0,4.691099197430855,1.5929613634604942,0.0,0.0,0,0.0,0,inf,0,0,inf,0,1,0,0,0,0,0.0,0.0,4.061445072991059,4.441569904251033,0.0,0.0,0,0.0,0,inf,0,0,inf,0,1,0,1,0,1.79998,1.79999,2.36879e-05,1.74063e-05,7.9666e-06,1.74063e-05,1.74063e-05,1.79998,2.36879e-05,2.36879e-05,1.74063e-05,1.74063e-05,1.8,1.06e-05,2.37e-05,0,0,0,0,0,0,0,0,0,0,0,mult4_SarsaNStepsRuido_e9_SARSA_RUIDO_e9_SARSA_RUIDO_e9_SARSA_RUIDO_e9,3.0,1.0,920.0,0.0,920.0,,,
0,0,457,0,83,481.712,0,0,0,0,0,1.19887272376e-05,2.23499428102e-05,5.438972050519908e-10,3.43392166541e-05,0.0,0.0,4.1575482011666445,3.5816590707055544,0.0,0.0,0,0.0,0,inf,0,0,inf,0,0,0,0,0.0,0.0,4.491749765937224,1.1564727280922735,0.0,0.0,0,0.0,0,inf,0,0,inf,0,0,0,0,0.0,0.0,4.027652103611789,4.407534462156327,0.0,0.0,0,0.0,0,inf,0,0,inf,0,0,0,0,0.0,0.0,4.024843683369269,1.1316650159500194,0.0,0.0,0,0.0,0,inf,0,0,inf,0,0.0 0.0 50.0 50.0,5.52 10.88 44.16 38.08,18,2500,1051.01,83,481.712,0,0,0.458333,0.458333,,55,1,0,96,12,0,0,0,16,357553,0,0,0,0,0,903.69,0,16,0,0,0,0,0,0,79,2,7,972,7.0,972.0,0,964,452,452,0,0,0,45.34,0,0,0,0,0,0,0,0,0,0.0,0.0,4.153584260767415,3.5939612303447497,0.0,0.0,0,0.0,0,inf,0,0,inf,0,0,0,0,0,0,0.0,0.0,4.484245546256944,1.1799104249833938,0.0,0.0,0,0.0,0,inf,0,0,inf,0,0,0,0,0,0,0.0,0.0,4.024843683369269,4.415470780650011,0.0,0.0,0,0.0,0,inf,0,0,inf,0,0,0,0,0,0,0.0,0.0,4.16131230141579,3.5700212685430843,0.0,0.0,0,0.0,0,inf,0,0,inf,0,0,0,0,0,0,0.0,0.0,4.498617161672569,1.1316650159500194,0.0,0.0,0,0.0,0,inf,0,0,inf,0,0,0,0,0,0,0.0,0.0,4.030248249205997,4.399681632436455,0.0,0.0,0,0.0,0,inf,0,0,inf,0,0,0,0,0,1.79998,1.79999,2.36584e-05,1.86238e-05,8.2241e-06,1.86238e-05,1.86238e-05,1.79998,2.36584e-05,2.36584e-05,1.86238e-05,1.86238e-05,1.8,9.9799999999e-06,2.37e-05,0,0,0,0,0,0,0,0,0,0,0,mult4_SarsaNada_e10_SARSA_RUIDO_e9_SARSA_RUIDO_e9_SARSA_RUIDO_e9,,2.0,964.0,0.0,964.0,,,
0,0,456,0,83,559.286,0,0,0,0,0,1.41514583447e-05,2.43370741372e-05,6.98600455262266e-10,3.84892300644e-05,0.0,0.0,4.259210882317578,3.695997390531729,0.0,0.0,0,0.0,0,inf,0,0,inf,0,0,0,0,0.0,0.0,4.727088188014943,1.4614008195000463,0.0,0.0,0,0.0,0,inf,0,0,inf,0,0,0,0,0.0,0.0,4.080407238698734,4.465229201664136,0.0,0.0,0,0.0,0,inf,0,0,inf,0,0,0,0,0.0,0.0,4.077941655335915,1.4385364417950577,0.0,0.0,0,0.0,0,inf,0,0,inf,0,0.0 0.0 50.0 50.0,5.52 10.88 44.16 38.08,18,2500,1051.01,83,559.286,0,0,0.532143,0.532143,,55,1,0,94,12,0,0,0,16,354952,0,0,0,0,0,916.046,0,16,0,0,0,0,0,0,79,2,6,948,3.0,955.0,0,953,450,450,0,0,0,45.58,0,0,0,0,0,0,0,0,0,0.0,0.0,4.255610206902279,3.707563250240169,0.0,0.0,0,0.0,0,inf,0,0,inf,0,0,0,0,0,0,0.0,0.0,4.718319202229239,1.4829995429211678,0.0,0.0,0,0.0,0,inf,0,0,inf,0,0,0,0,0,0,0.0,0.0,4.077941655335915,4.473221031310621,0.0,0.0,0,0.0,0,inf,0,0,inf,0,0,0,0,0,0,0.0,0.0,4.263100215727442,3.684257003758882,0.0,0.0,0,0.0,0,inf,0,0,inf,0,0,0,0,0,0,0.0,0.0,4.736875914476854,1.4385364417950577,0.0,0.0,0,0.0,0,inf,0,0,inf,0,0,0,0,0,0,0.0,0.0,4.083192566301689,4.456978912090207,0.0,0.0,0,0.0,0,inf,0,0,inf,0,0,0,0,0,1.79998,1.79999,1.98729e-05,1.75774e-05,9.31556e-06,1.75774e-05,1.75774e-05,1.79998,1.98729e-05,1.98729e-05,1.75774e-05,1.75774e-05,1.8,1.00999999999e-05,1.98999999999e-05,0,0,0,0,0,0,0,0,0,0,0,mult4_SarsaNada_e6_SARSA_RUIDO_e9_SARSA_RUIDO_e9_SARSA_RUIDO_e9,,0.0,953.0,,,,,
0,0,455,0,83,486.717,0,0,0,0,0,1.1914154129e-05,2.17905871977e-05,5.442934991606306e-10,3.37052879331e-05,0.0,0.0,4.223896463262331,3.587517495727584,0.0,0.0,0,0.0,0,inf,0,0,inf,0,0,0,0,0.0,0.0,4.662840023852032,1.1668790708410015,0.0,0.0,0,0.0,0,inf,0,0,inf,0,0,0,0,0.0,0.0,4.057252426642289,4.41043392068944,0.0,0.0,0,0.0,0,inf,0,0,inf,0,0,0,0,0.0,0.0,4.054672268260088,1.146140992332911,0.0,0.0,0,0.0,0,inf,0,0,inf,0,0.0 0.0 50.0 50.0,5.52 10.88 44.16 38.08,18,2500,1051.01,83,486.717,0,0,0.463095,0.463095,,54,1,0,96,12,0,0,0,16,396963,0,0,0,0,0,910.822,0,16,0,0,0,0,0,0,79,2,10,930,4.0,934.0,0,942,441,441,0,0,0,51.48,0,0,0,0,0,0,0,0,0,0.0,0.0,4.219018143154159,3.5994981347697546,0.0,0.0,0,0.0,0,inf,0,0,inf,0,0,0,0,0,0,0.0,0.0,4.6526712688372935,1.1898304900335832,0.0,0.0,0,0.0,0,inf,0,0,inf,0,0,0,0,0,0,0.0,0.0,4.054672268260088,4.418228574721176,0.0,0.0,0,0.0,0,inf,0,0,inf,0,0,0,0,0,0,0.0,0.0,4.226475289376864,3.5775450281491503,0.0,0.0,0,0.0,0,inf,0,0,inf,0,0,0,0,0,0,0.0,0.0,4.672738772619546,1.146140992332911,0.0,0.0,0,0.0,0,inf,0,0,inf,0,0,0,0,0,0,0.0,0.0,4.059145134908199,4.403136646586803,0.0,0.0,0,0.0,0,inf,0,0,inf,0,0,0,0,0,1.79998,1.79999,1.87577e-05,1.63736e-05,7.81603e-06,1.63736e-05,1.63736e-05,1.79998,1.87577e-05,1.87577e-05,1.63736e-05,1.63736e-05,1.8,9.4499999999e-06,1.87999999999e-05,0,0,0,0,0,0,0,0,0,0,0,mult4_SarsaNada_e8_SARSA_RUIDO_e9_SARSA_RUIDO_e9_SARSA_RUIDO_e9,1.0,0.0,942.0,,,,,
0,0,455,0,852,3640.99,0,0,0,0,0,0.0001701832952676,0.0002353820891585,5.824211335436757e-09,0.0004055711906403,0.0,0.0,4.406789724530345,1.5742749771599365,0.0,0.0,0,0.0,0,inf,0,0,inf,0,0,0,0,0.0,0.0,5.015815460499985,-2.2910136658466187,0.0,-14.376233055359386,0,-2.2910136658466187,0,inf,0,11,inf,0,0,0,0,0.0,0.0,4.182742270932395,3.0945589189269604,0.0,0.0,0,0.0,0,inf,0,0,inf,0,0,0,0,0.0,0.0,4.1757807282819,-2.3836764348161954,0.0,-14.98427202507683,0,-2.3836764348161954,0,inf,0,33,inf,0,0.0 0.0 200.0 200.0,5.52 10.88 194.12 187.68,34,40000,33344.5,852,3640.99,0,0,0.109193,0.109193,,286,1,0,2871,469,0,0,0,32,2961976,0,0,0,0,0,9161.74,0,83,32,0,0,0,0,0,399,2,80,9553,25.0,9442.0,0,9432,2513,2513,0,0,0,231.32,0,0,0,0,0,0,0,0,0,0.0,0.0,4.39643001114997,1.6379404962630446,0.0,0.0,0,0.0,0,inf,0,0,inf,0,0,0,0,0,0,0.0,0.0,4.993634536108284,-2.192909027545633,0.0,-13.730023728797375,0,-2.192909027545633,0,inf,0,11,inf,0,0,0,0,0,0,0.0,0.0,4.1757807282819,3.1385477327635374,0.0,0.0,0,0.0,0,inf,0,0,inf,0,0,0,0,0,0,0.0,0.0,4.419477353614592,1.522983116060831,0.0,0.0,0,0.0,0,inf,0,0,inf,0,0,0,0,0,0,0.0,0.0,5.033347214822277,-2.3836764348161954,0.0,-14.98427202507683,0,-2.3836764348161954,0,inf,0,11,inf,0,0,0,0,0,0,0.0,0.0,4.190415688606413,3.0594168064900087,0.0,0.0,0,0.0,0,inf,0,0,inf,0,0,0,0,0,1.79989,1.79998,0.000111379,0.00012951,1.98106e-05,0.00012951,0.00012951,1.79989,0.00012951,0.000111379,0.00012951,0.00012951,1.8,1.95999999999e-05,0.000111,0,0,0,0,0,0,0,0,0,0,0,"mult8_2bits_1op_e16,577",14.0,6.0,9429.0,0.0,9432.0,,,
0,0,462,0,839,3419.53,0,0,0,0,0,0.0001691957149887,0.0002466288569848,5.361006749637909e-09,0.0004158299416303,0.0,0.0,4.408507017553403,1.407575873476316,0.0,0.0,0,0.0,0,inf,0,0,inf,0,0,0,0,0.0,0.0,4.977860931017512,-2.736900561428697,0.0,-18.052239325455115,0,-2.736900561428697,0,inf,0,11,inf,0,0,0,0,0.0,0.0,4.182581510633883,2.991635912562829,0.0,0.0,0,0.0,0,inf,0,0,inf,0,0,0,0,0.0,0.0,4.1743876203912,-2.8235929948921967,0.0,-18.905109124379287,0,-2.8235929948921967,0,inf,0,33,inf,0,0.0 0.0 200.0 200.0,5.52 10.88 194.12 187.68,34,40000,33344.5,839,3419.53,0,0,0.102552,0.102552,,289,1,0,2862,469,0,0,0,32,2845307,0,0,0,0,0,8723.02,0,70,23,0,0,0,0,0,386,2,116,9101,50.0,9052.0,0,9025,2371,2371,0,0,0,192.4,1,0,1,0,1,0,0,0,0,0.0,0.0,4.396319877022813,1.4505330680492348,0.0,0.0,0,0.0,0,inf,0,0,inf,0,1,0,0,0,0,0.0,0.0,4.958864570439712,-2.640433724179959,0.0,-17.04268596708033,0,-2.640433724179959,0,inf,0,11,inf,0,1,0,0,0,0,0.0,0.0,4.1743876203912,3.0204679612385603,0.0,0.0,0,0.0,0,inf,0,0,inf,0,1,0,0,0,0,0.0,0.0,4.416440671511754,1.36446990901389,0.0,0.0,0,0.0,0,inf,0,0,inf,0,1,0,0,0,0,0.0,0.0,4.991358578843434,-2.8235929948921967,0.0,-18.905109124379287,0,-2.8235929948921967,0,inf,0,11,inf,0,1,0,0,0,0,0.0,0.0,4.188535858927953,2.960900497479849,0.0,0.0,0,0.0,0,inf,0,0,inf,0,1,0,1,0,1.79987,1.79998,0.000131036,0.000131671,1.8163e-05,0.000131671,0.000131671,1.79987,0.000131671,0.000131036,0.000131671,0.000131671,1.8,1.86e-05,0.000131,0,0,0,0,0,0,0,0,0,0,0,"mult8_2bits_1op_e16,767",11.0,14.0,9028.0,2.0,9029.0,0.0,9025.0,
0,0,464,0,843,3398.26,0,0,0,0,0,0.0001534609036752,0.0002387960412306,5.286400650561518e-09,0.0003922622418031,0.0,0.0,4.369469798546696,1.54600780997511,0.0,0.0,0,0.0,0,inf,0,0,inf,0,0,0,0,0.0,0.0,4.898723343405647,-2.3825244673732646,0.0,-15.840786908338542,0,-2.3825244673732646,0,inf,0,10,inf,0,0,0,0,0.0,0.0,4.159154027794878,3.063225759750617,0.0,0.0,0,0.0,0,inf,0,0,inf,0,0,0,0,0.0,0.0,4.153679295861011,-2.442458748829686,0.0,-16.504366340745886,0,-2.442458748829686,0,inf,0,30,inf,0,0.0 0.0 200.0 200.0,5.52 10.88 194.12 187.68,34,40000,33344.5,843,3398.26,0,0,0.101914,0.101914,,287,1,0,2887,469,0,0,0,32,2940994,0,0,0,0,0,8731.14,0,74,21,0,0,0,0,0,390,2,144,9171,32.0,9106.0,0,9116,2457,2457,0,0,0,182.32,0,0,0,0,0,0,0,0,0,0.0,0.0,4.36238657544926,1.5889374710162394,0.0,0.0,0,0.0,0,inf,0,0,inf,0,0,0,0,0,0,0.0,0.0,4.88096776811526,-2.3157654227468494,0.0,-15.087041376570008,0,-2.3157654227468494,0,inf,0,10,inf,0,0,0,0,0,0,0.0,0.0,4.153679295861011,3.0922110192080803,0.0,0.0,0,0.0,0,inf,0,0,inf,0,0,0,0,0,0,0.0,0.0,4.377629938008475,1.5041843751870032,0.0,0.0,0,0.0,0,inf,0,0,inf,0,0,0,0,0,0,0.0,0.0,4.916335921966418,-2.442458748829686,0.0,-16.504366340745886,0,-2.442458748829686,0,inf,0,10,inf,0,0,0,0,0,0,0.0,0.0,4.165714113788315,3.034165005125345,0.0,0.0,0,0.0,0,inf,0,0,inf,0,0,0,0,0,1.79985,1.79998,0.000147607,0.000151081,1.82418e-05,0.000151081,0.000151081,1.79985,0.000151081,0.000147607,0.000151081,0.000151081,1.8,1.87e-05,0.0001479999999999,0,0,0,0,0,0,0,0,0,0,0,"mult8_2bits_1op_e16,769",13.0,23.0,9118.0,0.0,9116.0,,,
0,0,465,0,848,3588.44,0,0,0,0,0,0.0001785128988558,0.0002543267328292,5.487008181148667e-09,0.000432845117757,0.0,0.0,4.3155631401060415,1.521214752777195,0.0,0.0,0,0.0,0,inf,0,0,inf,0,0,0,0,0.0,0.0,4.817912871692965,-2.5403537770176943,0.0,-16.934990777932185,0,-2.5403537770176943,0,inf,0,10,inf,0,0,0,0,0.0,0.0,4.117520663193963,3.1080063846707504,0.0,0.0,0,0.0,0,inf,0,0,inf,0,0,0,0,0.0,0.0,4.115299328903469,-2.627439673532249,0.0,-17.618760282747168,0,-2.627439673532249,0,inf,0,31,inf,0,0.0 0.0 200.0 200.0,5.52 10.88 194.12 187.68,34,40000,33344.5,848,3588.44,0,0,0.107617,0.107617,1.0,276,1,0,2836,469,0,0,0,32,2849702,0,0,0,0,0,8788.47,0,89,43,0,0,0,0,0,395,2,77,9024,25.0,8984.0,0,8994,2398,2398,0,0,0,182.56,0,0,0,0,0,0,0,0,0,0.0,0.0,4.312521128932535,1.555692507737422,0.0,0.0,0,0.0,0,inf,0,0,inf,0,0,0,0,0,0,0.0,0.0,4.812741452698003,-2.4349527527925163,0.0,-16.141360704920586,0,-2.4349527527925163,0,inf,0,10,inf,0,0,0,0,0,0,0.0,0.0,4.115299328903469,3.1385299691946407,0.0,0.0,0,0.0,0,inf,0,0,inf,0,0,0,0,0,0,0.0,0.0,4.319083435372084,1.4888548593186406,0.0,0.0,0,0.0,0,inf,0,0,inf,0,0,0,0,0,0,0.0,0.0,4.8241776383535,-2.627439673532249,0.0,-17.618760282747168,0,-2.627439673532249,0,inf,0,11,inf,0,0,0,0,0,0,0.0,0.0,4.120334412507151,3.0809715650781118,0.0,0.0,0,0.0,0,inf,0,0,inf,0,0,0,0,0,1.79985,1.79998,0.000146581,0.0001513,1.99279e-05,0.0001513,0.0001513,1.79985,0.0001513,0.000146581,0.0001513,0.0001513,1.8,1.95999999999e-05,0.0001469999999999,0,0,0,0,0,0,0,0,0,0,0,"mult8_2bits_1op_e16,770",13.0,16.0,8989.0,0.0,8994.0,,,
0,0,465,0,845,3552.16,0,0,0,0,0,0.000174061191501,0.0002456935762893,5.578766337777097e-09,0.0004197603557258,0.0,0.0,4.311070733532144,1.4219972268848506,0.0,0.0,0,0.0,0,inf,0,0,inf,0,0,0,0,0.0,0.0,4.792468779694997,-2.707270040331073,0.0,-16.656438477710996,0,-2.707270040331073,0,inf,0,11,inf,0,0,0,0,0.0,0.0,4.120084834364157,3.00543554105999,0.0,0.0,0,0.0,0,inf,0,0,inf,0,0,0,0,0.0,0.0,4.116731960734963,-2.7958036677106834,0.0,-17.565515761337124,0,-2.7958036677106834,0,inf,0,32,inf,0,0.0 0.0 200.0 200.0,5.52 10.88 194.12 187.68,34,40000,33344.5,845,3552.16,0,0,0.106529,0.106529,,280,1,0,2858,469,0,0,0,32,2873258,0,0,0,0,0,8780.88,0,84,38,0,0,0,0,0,392,2,81,9111,18.0,9068.0,0,9086,2418,2418,0,0,0,187.76,0,0,0,0,0,0,0,0,0,0.0,0.0,4.306172429408965,1.4561730011738387,0.0,0.0,0,0.0,0,inf,0,0,inf,0,0,0,0,0,0,0.0,0.0,4.783766407292656,-2.6037661652640294,0.0,-15.798394151167304,0,-2.6037661652640294,0,inf,0,10,inf,0,0,0,0,0,0,0.0,0.0,4.116731960734963,3.030284997589151,0.0,0.0,0,0.0,0,inf,0,0,inf,0,0,0,0,0,0,0.0,0.0,4.316382484721388,1.3894144006366462,0.0,0.0,0,0.0,0,inf,0,0,inf,0,0,0,0,0,0,0.0,0.0,4.801176481168008,-2.7958036677106834,0.0,-17.565515761337124,0,-2.7958036677106834,0,inf,0,11,inf,0,0,0,0,0,0,0.0,0.0,4.124015912160928,2.971635022163938,0.0,0.0,0,0.0,0,inf,0,0,inf,0,0,0,0,0,1.79985,1.79998,0.000150001,0.000155687,2.0245e-05,0.000155687,0.000155687,1.79985,0.000155687,0.000150001,0.000155687,0.000155687,1.8,2.01999999999e-05,0.0001499999999999,0,0,0,0,0,0,0,0,0,0,0,"mult8_2bits_1op_e16,9662",12.0,15.0,9086.0,5.0,9081.0,0.0,9086.0,
0,0,463,0,848,3637.24,0,0,0,0,0,0.0001720408472465,0.0002380067599005,5.596228813686821e-09,0.0004100531805306,0.0,0.0,4.429928549374783,1.559716400181677,0.0,0.0,0,0.0,0,inf,0,0,inf,0,0,0,0,0.0,0.0,5.026851965855312,-2.528513470169805,0.0,-14.846165605978063,0,-2.528513470169805,0,inf,0,10,inf,0,0,0,0,0.0,0.0,4.1807474221453305,3.1473970986984967,0.0,0.0,0,0.0,0,inf,0,0,inf,0,0,0,0,0.0,0.0,4.17508972545183,-2.59586404164047,0.0,-15.402225708569334,0,-2.59586404164047,0,inf,0,30,inf,0,0.0 0.0 200.0 200.0,5.52 10.88 194.12 187.68,34,40000,33344.5,848,3637.24,0,0,0.109081,0.109081,,283,1,0,2840,469,0,0,0,32,2933066,0,0,0,0,0,8737.87,0,88,38,0,0,0,0,0,395,2,73,9129,18.0,9080.0,0,9064,2455,2455,0,0,0,189.61,0,0,0,0,0,0,0,0,0,0.0,0.0,4.421272362251572,1.59438511350754,0.0,0.0,0,0.0,0,inf,0,0,inf,0,0,0,0,0,0,0.0,0.0,5.011776024932946,-2.427516922852487,0.0,-14.13127521663505,0,-2.427516922852487,0,inf,0,10,inf,0,0,0,0,0,0,0.0,0.0,4.17508972545183,3.1714232138093097,0.0,0.0,0,0.0,0,inf,0,0,inf,0,0,0,0,0,0,0.0,0.0,4.437052628680681,1.5279311581769204,0.0,0.0,0,0.0,0,inf,0,0,inf,0,0,0,0,0,0,0.0,0.0,5.038881454711948,-2.59586404164047,0.0,-15.402225708569334,0,-2.59586404164047,0,inf,0,10,inf,0,0,0,0,0,0,0.0,0.0,4.1857700712507855,3.1246273119978807,0.0,0.0,0,0.0,0,inf,0,0,inf,0,0,0,0,0,1.79985,1.79998,0.000149079,0.000149438,1.74236e-05,0.000149438,0.000149438,1.79985,0.000149438,0.000149079,0.000149438,0.000149438,1.8,1.73e-05,0.0001489999999999,0,0,0,0,0,0,0,0,0,0,0,"mult8_2bits_1op_e16,966",8.0,19.0,9056.0,0.0,9064.0,,,
0,0,465,0,858,3712.31,0,0,0,0,0,0.0001717936393106,0.000232828373555,5.886755083395201e-09,0.0004046278772875,0.0,0.0,4.2942211002554735,1.4415615775781128,0.0,0.0,0,0.0,0,inf,0,0,inf,0,0,0,0,0.0,0.0,4.78082786890797,-2.5678349062788555,0.0,-17.14226675795661,0,-2.5678349062788555,0,inf,0,11,inf,0,0,0,0,0.0,0.0,4.104377842656746,3.021254443251448,0.0,0.0,0,0.0,0,inf,0,0,inf,0,4,0,0,0.0,0.0,4.102135636172799,-2.64948248617578,0.0,-17.970208940648476,0,-2.64948248617578,0,inf,0,33,inf,0,0.0 0.0 200.0 200.0,5.52 10.88 194.12 187.68,34,40000,33344.5,858,3712.31,0,0,0.111332,0.111332,,288,1,0,2850,469,0,0,0,32,2998106,0,0,0,0,0,9218.18,0,88,40,0,0,0,0,0,405,2,112,9611,10.0,9576.0,0,9591,2541,2541,0,0,0,227.04,0,0,0,0,0,0,0,0,0,0.0,0.0,4.291161769602293,1.485435816395308,0.0,0.0,0,0.0,0,inf,0,0,inf,0,0,0,0,0,0,0.0,0.0,4.773953811834289,-2.4947467020546563,0.0,-16.369714935797465,0,-2.4947467020546563,0,inf,0,11,inf,0,0,0,0,0,0,0.0,0.0,4.102135636172799,3.049882210884871,0.0,0.0,0,0.0,0,inf,0,0,inf,0,0,0,0,0,0,0.0,0.0,4.298340027793324,1.3948131933134815,0.0,0.0,0,0.0,0,inf,0,0,inf,0,0,0,4,0,0,0.0,0.0,4.790047605254419,-2.64948248617578,0.0,-17.970208940648476,0,-2.64948248617578,0,inf,0,11,inf,0,0,0,0,0,0,0.0,0.0,4.107704515021817,2.989932830394888,0.0,0.0,0,0.0,0,inf,0,0,inf,0,0,0,0,0,1.79988,1.79998,0.000122285,0.000127089,1.93839e-05,0.000127089,0.000127089,1.79988,0.000127089,0.000122285,0.000127089,0.000127089,1.8,1.94e-05,0.0001219999999999,0,0,0,0,0,0,0,0,0,0,0,"mult8_2bits_1op_e17,161",13.0,8.0,9588.0,0.0,9591.0,,,
0,0,462,0,830,3527.13,0,0,0,1,0,0.0001932142185978,0.0002772202133201,5.805860237018123e-09,0.0004704402235802,0.0,0.0,4.269615448709415,1.8938642301563449,0.0,0.0,0,0.0,0,inf,0,0,inf,0,0,1,0,0.0,0.0,4.750893146692995,-1.6166357599071588,0.0,-8.436339865478713,0,-1.6166357599071588,0,inf,0,9,inf,0,0,1,0,0.0,0.0,4.09248646554828,3.2666146268112874,0.0,0.0,0,0.0,0,inf,0,0,inf,0,0,1,0,0.0,0.0,4.087308385214982,-1.7086341714000102,0.0,-9.288880150199857,0,-1.7086341714000102,0,inf,0,27,inf,0,0.0 0.0 200.0 200.0,5.52 10.88 194.12 187.68,34,40000,33344.5,830,3527.13,0,0,0.105779,0.105779,,277,1,0,2852,469,0,0,0,32,2887058,0,0,0,0,0,8271.45,0,70,19,0,0,0,0,1,376,2,99,8621,15.0,8549.0,0,8537,2256,2256,0,0,0,205.5,0,0,0,0,0,0,0,1,0,0.0,0.0,4.261314532964132,1.935677450892336,0.0,0.0,0,0.0,0,inf,0,0,inf,0,0,0,0,1,0,0.0,0.0,4.734452963679386,-1.5539818760526996,0.0,-7.753248928995573,0,-1.5539818760526996,0,inf,0,8,inf,0,0,0,0,1,0,0.0,0.0,4.087308385214982,3.293873267372021,0.0,0.0,0,0.0,0,inf,0,0,inf,0,0,0,0,1,0,0.0,0.0,4.275109276479847,1.8511099843580676,0.0,0.0,0,0.0,0,inf,0,0,inf,0,0,0,0,1,0,0.0,0.0,4.760875828323544,-1.7086341714000102,0.0,-9.288880150199857,0,-1.7086341714000102,0,inf,0,10,inf,0,0,0,0,1,0,0.0,0.0,4.096005872635877,3.238116533230808,0.0,0.0,0,0.0,0,inf,0,0,inf,0,0,0,0,0,1.79989,1.79998,0.000106118,0.000147603,1.97523e-05,0.000147603,0.000147603,1.79989,0.000147603,0.000106118,0.000147603,0.000147603,1.8,1.87999999999e-05,0.000106,0,0,0,0,0,0,0,0,0,0,0,"mult8_2bits_1op_e17,341",13.0,36.0,8543.0,7.0,8538.0,0.0,8537.0,1.0
0,0,464,0,845,3886.23,0,0,0,0,0,0.0001879247720353,0.0002678991295397,6.349996528598467e-09,0.00045583024621,0.0,0.0,4.34668890961552,1.6472854657702134,0.0,0.0,0,0.0,0,inf,0,0,inf,0,3,0,0,0.0,0.0,4.898871669205932,-2.112965862084317,0.0,-9.388561305240398,0,-2.112965862084317,0,inf,0,9,inf,0,0,0,0,0.0,0.0,4.140667925733627,3.140706450473671,0.0,0.0,0,0.0,0,inf,0,0,inf,0,3,0,0,0.0,0.0,4.13398615929325,-2.177565744911376,0.0,-9.91791654653128,0,-2.177565744911376,0,inf,0,27,inf,0,0.0 0.0 200.0 200.0,5.52 10.88 194.12 187.68,34,40000,33344.5,845,3886.23,0,0,0.116548,0.116548,,278,1,0,2843,469,0,0,0,32,2926595,0,0,0,0,0,9279.95,0,86,35,0,0,0,0,0,392,2,119,9557,19.0,9535.0,0,9505,2446,2446,0,0,0,196.22,0,0,0,0,0,0,0,0,0,0.0,0.0,4.342073046237792,1.686090426113601,0.0,0.0,0,0.0,0,inf,0,0,inf,0,0,0,3,0,0,0.0,0.0,4.883780185160781,-2.0469182483922026,0.0,-8.770479701847378,0,-2.0469182483922026,0,inf,0,9,inf,0,0,0,0,0,0,0.0,0.0,4.13398615929325,3.169092633570103,0.0,0.0,0,0.0,0,inf,0,0,inf,0,0,0,0,0,0,0.0,0.0,4.3507669809449085,1.620031710190926,0.0,0.0,0,0.0,0,inf,0,0,inf,0,0,0,3,0,0,0.0,0.0,4.910050727201653,-2.177565744911376,0.0,-9.91791654653128,0,-2.177565744911376,0,inf,0,9,inf,0,0,0,0,0,0,0.0,0.0,4.144289029253156,3.1191734522574666,0.0,0.0,0,0.0,0,inf,0,0,inf,0,0,0,0,0,1.79985,1.79998,0.000145937,0.000158286,2.00732e-05,0.000158286,0.000158286,1.79985,0.000158286,0.000145937,0.000158286,0.000158286,1.8,1.97e-05,0.0001459999999999,0,0,0,0,0,0,0,0,0,0,0,"mult8_2bits_1op_e17,3492",12.0,10.0,9504.0,0.0,9505.0,,,
0,0,464,0,826,3513.37,0,0,0,0,0,0.00018064591859,0.0002695586008485,5.746829234709594e-09,0.000450210267445,0.0,0.0,4.249625660541085,1.731289383081244,0.0,0.0,0,0.0,0,inf,0,0,inf,0,0,0,0,0.0,0.0,4.688979559572293,-1.9470363650231333,0.0,-12.055505379641328,0,-1.9470363650231333,0,inf,0,9,inf,0,0,0,0,0.0,0.0,4.078157038608784,3.187382448195049,0.0,0.0,0,0.0,0,inf,0,0,inf,0,0,0,0,0.0,0.0,4.075967678742304,-2.0450877126174296,0.0,-12.69934682246945,0,-2.0450877126174296,0,inf,0,28,inf,0,0.0 0.0 200.0 200.0,5.52 10.88 194.12 187.68,34,40000,33344.5,826,3513.37,0,0,0.105366,0.105366,,278,1,0,2870,469,0,0,0,32,2973960,0,0,0,0,0,8785.02,0,64,22,0,0,0,0,0,373,2,82,9110,35.0,9078.0,0,9059,2259,2259,0,0,0,271.6,0,0,0,0,0,0,0,0,0,0.0,0.0,4.246679572639619,1.7661361761852936,0.0,0.0,0,0.0,0,inf,0,0,inf,0,0,0,0,0,0,0.0,0.0,4.684088804965895,-1.835932347003769,0.0,-11.43491911303392,0,-1.835932347003769,0,inf,0,9,inf,0,0,0,0,0,0,0.0,0.0,4.075967678742304,3.211280221520586,0.0,0.0,0,0.0,0,inf,0,0,inf,0,0,0,0,0,0,0.0,0.0,4.252796901678313,1.6979387265674937,0.0,0.0,0,0.0,0,inf,0,0,inf,0,0,0,0,0,0,0.0,0.0,4.693974231056736,-2.0450877126174296,0.0,-12.69934682246945,0,-2.0450877126174296,0,inf,0,10,inf,0,0,0,0,0,0,0.0,0.0,4.080492503829437,3.163823070856989,0.0,0.0,0,0.0,0,inf,0,0,inf,0,0,0,0,0,1.79976,1.79998,0.000241365,0.000237452,2.24593e-05,0.000237452,0.000237452,1.79976,0.000241365,0.000241365,0.000237452,0.000237452,1.8,1.88999999999e-05,0.000241,0,0,0,0,0,0,0,0,0,0,0,"mult8_2bits_1op_e17,349",15.0,18.0,9062.0,0.0,9059.0,,,
